Date,Price(in dollars),Open,High,Low,Vol.,Change%
"Jul 27, 2021",303.29,304.31,307.62,298.53,2.26M,-0.33
"Jul 26, 2021",304.31,302.6,327.62,301.19,2.86M,0.58
"Jul 25, 2021",302.57,302.55,303.09,292.85,1.25M,-0.19
"Jul 24, 2021",303.15,298.91,305.01,296.16,1.81M,1.42
"Jul 23, 2021",298.89,293.51,301.15,281.68,1.98M,1.83
"Jul 22, 2021",293.53,293.08,297.69,287.55,1.47M,0.15
"Jul 21, 2021",293.08,264.59,298.69,261.51,2.18M,10.77
"Jul 20, 2021",264.59,280.48,283.25,255.79,2.25M,-5.66
"Jul 19, 2021",280.47,302.16,303.49,279.38,1.63M,-7.18
"Jul 18, 2021",302.18,300.34,309,299.6,1.03M,0.62
"Jul 17, 2021",300.31,302.88,306.41,295.11,1.31M,-0.84
"Jul 16, 2021",302.84,315.62,323.21,301.85,1.77M,-4.04
"Jul 15, 2021",315.58,309.49,324.15,301.92,2.49M,1.98
"Jul 14, 2021",309.45,308.96,313.29,290.93,1.65M,0.15
"Jul 13, 2021",308.98,316.15,318.16,305.35,1.08M,-2.27
"Jul 12, 2021",316.17,321.91,334.34,308.77,1.52M,-1.77
"Jul 11, 2021",321.88,316.07,326.55,312.28,929.54K,1.84
"Jul 10, 2021",316.07,316.77,321.2,310.82,958.95K,-0.22
"Jul 09, 2021",316.77,310.52,319.48,302.28,1.28M,2.01
"Jul 08, 2021",310.52,327.65,328.17,307.04,1.89M,-5.24
"Jul 07, 2021",327.68,320.01,339.36,318.33,2.02M,2.39
"Jul 06, 2021",320.02,302.01,321.89,301.95,2.34M,5.86
"Jul 05, 2021",302.31,307.88,307.88,292.4,1.62M,-1.81
"Jul 04, 2021",307.88,299.25,314.73,299.1,1.50M,2.88
"Jul 03, 2021",299.25,287.37,302.93,283.06,1.11M,4.13
"Jul 02, 2021",287.38,287.64,290.58,276.78,1.18M,-0.09
"Jul 01, 2021",287.63,303.24,303.41,281.4,1.62M,-5.15
"Jun 30, 2021",303.25,299.88,304.71,281.84,2.36M,1.12
"Jun 29, 2021",299.88,289.85,315.04,289.27,2.43M,3.47
"Jun 28, 2021",289.83,290.87,298.93,283.91,2.16M,-0.35
"Jun 27, 2021",290.86,279.45,291.08,270,1.79M,4.08
"Jun 26, 2021",279.45,281.15,290.05,264.47,2.63M,-0.6
"Jun 25, 2021",281.13,308.57,314.08,275.62,3.26M,-8.81
"Jun 24, 2021",308.31,296.13,316.2,281.74,3.12M,4.11
"Jun 23, 2021",296.14,261.47,309.45,251.9,4.07M,13.27
"Jun 22, 2021",261.45,271.81,290.65,225.93,6.75M,-3.8
"Jun 21, 2021",271.8,339.09,341.52,269.45,4.55M,-19.94
"Jun 20, 2021",339.47,334.15,340.38,310.54,1.99M,1.58
"Jun 19, 2021",334.19,336.71,344.33,331.88,1.33M,-0.74
"Jun 18, 2021",336.67,352.66,357.03,327.39,1.95M,-4.53
"Jun 17, 2021",352.64,347.14,362.36,346.18,1.53M,1.58
"Jun 16, 2021",347.15,366.77,366.77,343.49,1.89M,-5.35
"Jun 15, 2021",366.78,370.08,379.49,363.84,1.90M,-0.89
"Jun 14, 2021",370.06,365.83,377.02,355.23,2.42M,1.16
"Jun 13, 2021",365.83,343.26,369,330.64,2.39M,6.58
"Jun 12, 2021",343.23,345.59,348.75,325.63,2.55M,-0.65
"Jun 11, 2021",345.46,351.46,365.51,341.53,2.71M,-1.7
"Jun 10, 2021",351.43,375.53,376.81,344.96,2.96M,-6.36
"Jun 09, 2021",375.29,352.54,378.44,333.69,4.24M,6.42
"Jun 08, 2021",352.64,358.05,365.89,320.39,5.99M,-1.52
"Jun 07, 2021",358.08,393.23,406.99,354.55,3.60M,-8.93
"Jun 06, 2021",393.2,390.09,399.82,382.07,2.27M,0.8
"Jun 05, 2021",390.09,390.68,425.57,374.62,4.79M,-0.23
"Jun 04, 2021",390.97,428.47,428.71,366.56,5.92M,-8.56
"Jun 03, 2021",427.59,401.13,432.58,391.83,5.06M,6.6
"Jun 02, 2021",401.12,362.39,417.41,351.19,5.26M,10.69
"Jun 01, 2021",362.39,353.63,364.16,340.56,4.42M,2.45
"May 31, 2021",353.74,325.6,355.43,307.9,4.97M,8.65
"May 30, 2021",325.59,304.81,337.77,291.72,4.52M,6.83
"May 29, 2021",304.76,329.31,346.88,296.43,4.57M,-7.45
"May 28, 2021",329.31,369.79,373.28,313.42,6.31M,-10.38
"May 27, 2021",367.46,379.2,387.17,340.81,5.18M,-3.1
"May 26, 2021",379.22,343.76,387.25,337.4,5.82M,10.31
"May 25, 2021",343.77,345.44,374.86,307.55,7.93M,-0.36
"May 24, 2021",345.02,261.56,349.89,257.97,8.07M,31.9
"May 23, 2021",261.57,299.25,312.85,212.41,9.23M,-12.59
"May 22, 2021",299.25,326.44,334.69,286.5,5.57M,-8.33
"May 21, 2021",326.44,391.12,414.79,276.78,9.21M,-16.86
"May 20, 2021",392.64,335.09,423.5,287.48,8.49M,17.16
"May 19, 2021",335.12,508.27,515.55,282.3,11.92M,-34.07
"May 18, 2021",508.28,511.79,533.45,496.65,2.86M,-0.68
"May 17, 2021",511.76,563.37,563.38,484.3,4.24M,-9.17
"May 16, 2021",563.41,562.84,606.53,535.01,3.07M,0.1
"May 15, 2021",562.85,602.44,610.39,560.58,2.38M,-6.57
"May 14, 2021",602.46,571.76,614.69,566.69,2.30M,5.37
"May 13, 2021",571.76,585.61,632.91,527.16,5.74M,-2.36
"May 12, 2021",585.6,671.61,684.51,585.35,2.92M,-12.89
"May 11, 2021",672.26,631.66,672.98,622.87,2.78M,6.42
"May 10, 2021",631.68,661.65,690.87,592.52,3.24M,-4.53
"May 09, 2021",661.65,646.17,678.27,631.44,2.45M,2.39
"May 08, 2021",646.18,624.35,657.77,618.73,2.33M,3.55
"May 07, 2021",624.02,633.99,644.14,612.12,2.26M,-1.46
"May 06, 2021",633.28,650.81,653.58,620.02,2.35M,-2.72
"May 05, 2021",650.99,620.81,656.35,620.55,2.55M,5.01
"May 04, 2021",619.96,676.25,677.67,619.79,4.13M,-8.37
"May 03, 2021",676.56,621.96,679.98,621.56,3.14M,8.78
"May 02, 2021",621.95,619.91,628.93,595.75,2.35M,0.34
"May 01, 2021",619.84,623.25,643.21,611.49,2.72M,-0.56
"Apr 30, 2021",623.33,599.89,627.71,586.03,3.75M,3.82
"Apr 29, 2021",600.38,563.22,614.64,554.73,4.73M,6.74
"Apr 28, 2021",562.49,568.8,578.8,539.59,2.67M,-1.11
"Apr 27, 2021",568.8,535.22,578.33,525.76,2.95M,6.27
"Apr 26, 2021",535.23,504.29,549.96,502.41,3.25M,6.14
"Apr 25, 2021",504.29,497.46,516.91,479.4,2.64M,1.37
"Apr 24, 2021",497.5,526.52,527.18,483.39,3.16M,-5.52
"Apr 23, 2021",526.56,505.12,529.95,450.94,7.19M,4.1
"Apr 22, 2021",505.84,543.3,582.15,482.81,6.69M,-6.9
"Apr 21, 2021",543.34,587.45,612.86,537.64,5.96M,-7.52
"Apr 20, 2021",587.5,503.98,588.98,474.35,5.96M,16.57
"Apr 19, 2021",503.97,481.47,539.96,469.31,5.23M,4.68
"Apr 18, 2021",481.42,515.1,520,429.96,4.66M,-6.54
"Apr 17, 2021",515.13,508.25,547.78,506.9,3.06M,1.26
"Apr 16, 2021",508.73,542.3,547.51,491.21,4.33M,-6.19
"Apr 15, 2021",542.31,549.65,556.32,534.85,2.41M,-1.33
"Apr 14, 2021",549.61,550.13,590.36,525.39,4.36M,-0.09
"Apr 13, 2021",550.1,596.59,602.31,533.3,5.62M,-8.1
"Apr 12, 2021",598.62,525.54,636.11,515.56,9.53M,13.91
"Apr 11, 2021",525.54,471.54,528.95,459.5,3.77M,11.28
"Apr 10, 2021",472.25,453.5,486.69,451.23,4.81M,4.14
"Apr 09, 2021",453.5,418.6,453.5,404.83,3.80M,8.57
"Apr 08, 2021",417.71,375.47,421.63,372.48,4.25M,11.25
"Apr 07, 2021",375.47,402.69,414.08,358.2,6.40M,-6.76
"Apr 06, 2021",402.69,367.41,411.6,364.2,4.69M,9.6
"Apr 05, 2021",367.41,349.36,379.45,335.86,3.67M,5.16
"Apr 04, 2021",349.37,321.91,352.21,316.54,2.90M,8.66
"Apr 03, 2021",321.53,338.82,348.99,316.06,3.29M,-4.94
"Apr 02, 2021",338.25,334.33,356.51,326.06,4.45M,1.17
"Apr 01, 2021",334.33,302.19,339,300.79,4.61M,10.64
"Mar 31, 2021",302.18,311.41,316.44,287.24,4.95M,-2.96
"Mar 30, 2021",311.41,275.12,311.41,271.3,5.78M,13.19
"Mar 29, 2021",275.12,268.87,277.49,264.92,2.90M,2.32
"Mar 28, 2021",268.87,269.31,281.24,261.24,3.50M,-0.17
"Mar 27, 2021",269.32,254.99,275.91,249.86,3.29M,5.62
"Mar 26, 2021",254.99,233.96,255.09,233.95,2.79M,8.85
"Mar 25, 2021",234.25,248.6,249.72,225.9,3.74M,-5.77
"Mar 24, 2021",248.59,255.45,268.6,240.41,3.50M,-2.68
"Mar 23, 2021",255.43,254.85,262.75,252.27,2.82M,0.16
"Mar 22, 2021",255.03,264.74,276.81,253.43,3.44M,-3.67
"Mar 21, 2021",264.74,264.39,267.92,257.12,2.12M,0.24
"Mar 20, 2021",264.1,263.14,274.49,261.65,2.52M,0.36
"Mar 19, 2021",263.15,261.28,269,255.39,2.41M,0.79
"Mar 18, 2021",261.09,269.85,277.73,257.7,3.33M,-3.25
"Mar 17, 2021",269.86,258.29,271.04,249.02,3.02M,4.48
"Mar 16, 2021",258.28,254.24,259.13,241.44,3.19M,1.6
"Mar 15, 2021",254.22,264.21,267.59,250.05,3.54M,-3.79
"Mar 14, 2021",264.25,275.89,276.77,264.25,2.58M,-4.22
"Mar 13, 2021",275.89,263.42,283.56,255.95,4.11M,4.73
"Mar 12, 2021",263.42,290.07,290.22,251.44,6.19M,-9.19
"Mar 11, 2021",290.07,278.15,314.44,272.98,6.91M,4.29
"Mar 10, 2021",278.15,293,295.31,268.74,6.32M,-5.07
"Mar 09, 2021",292.99,240.59,297.08,235.87,8.18M,21.78
"Mar 08, 2021",240.59,240.03,242.78,229.09,3.21M,0.24
"Mar 07, 2021",240.02,226.26,243.72,225.2,3.71M,6.08
"Mar 06, 2021",226.26,225.64,232.25,219.73,2.84M,0.28
"Mar 05, 2021",225.63,229.69,230.91,215.91,3.90M,-1.77
"Mar 04, 2021",229.7,240.62,249.66,225.65,4.24M,-4.63
"Mar 03, 2021",240.85,239.48,254.37,236.51,4.51M,0.58
"Mar 02, 2021",239.46,254.73,264.41,227.61,5.71M,-5.99
"Mar 01, 2021",254.72,210.04,259.51,209.51,8.32M,21.27
"Feb 28, 2021",210.04,225.54,228.47,195.22,6.00M,-6.68
"Feb 27, 2021",225.07,222.08,237.7,219.32,4.46M,1.35
"Feb 26, 2021",222.08,233.7,238.71,209.98,7.82M,-4.97
"Feb 25, 2021",233.7,254.26,264.46,232.19,7.22M,-8.09
"Feb 24, 2021",254.26,231.71,280.66,213.89,12.30M,9.73
"Feb 23, 2021",231.72,267.42,268.69,188.71,16.50M,-13.35
"Feb 22, 2021",267.43,293.77,295.15,222.44,13.34M,-8.97
"Feb 21, 2021",293.76,254.33,308.54,249.64,11.49M,15.49
"Feb 20, 2021",254.36,332.74,334.15,223.93,14.42M,-23.56
"Feb 19, 2021",332.74,195.74,346.82,195.07,21.23M,69.99
"Feb 18, 2021",195.74,165.38,199.66,163.11,11.91M,18.36
"Feb 17, 2021",165.38,130.09,175.33,126.91,10.82M,27.13
"Feb 16, 2021",130.09,129.99,133.43,126.34,3.57M,0.08
"Feb 15, 2021",129.98,135.97,142.07,118.64,5.26M,-4.41
"Feb 14, 2021",135.98,133.09,138.78,128.53,4.90M,2.18
"Feb 13, 2021",133.07,136.64,138.47,125.07,4.20M,-2.52
"Feb 12, 2021",136.52,124.03,140.93,121.1,6.22M,10.07
"Feb 11, 2021",124.03,128.73,132.76,118.07,6.54M,-3.64
"Feb 10, 2021",128.72,107.61,148.27,107.61,18.37M,19.62
"Feb 09, 2021",107.6,79.73,115.33,78.23,13.65M,35
"Feb 08, 2021",79.71,68.41,79.75,67.72,8.52M,16.53
"Feb 07, 2021",68.4,72.86,74.62,64.35,6.25M,-5.76
"Feb 06, 2021",72.58,67.74,75.43,61.96,8.97M,7.12
"Feb 05, 2021",67.75,55.66,68.72,55.66,5.75M,21.74
"Feb 04, 2021",55.66,52.15,56.65,51.46,4.52M,6.76
"Feb 03, 2021",52.13,50.99,52.56,49.82,3.41M,2.24
"Feb 02, 2021",50.99,51.42,52.99,49.26,5.78M,-0.82
"Feb 01, 2021",51.42,44.31,52.32,43.43,7.97M,16.13
"Jan 31, 2021",44.27,44.77,45.78,43.35,2.92M,-1.08
"Jan 30, 2021",44.76,42.88,45.09,42.6,3.24M,4.4
"Jan 29, 2021",42.87,42.48,44,41.84,3.91M,0.93
"Jan 28, 2021",42.47,40.97,43.08,40.36,3.35M,3.63
"Jan 27, 2021",40.99,41.74,42.05,39.67,2.93M,-1.8
"Jan 26, 2021",41.74,41.78,42.51,39.87,3.24M,-0.1
"Jan 25, 2021",41.78,41.82,43.38,40.57,3.14M,-0.11
"Jan 24, 2021",41.82,40.92,42.2,40.36,2.59M,2.22
"Jan 23, 2021",40.92,40.87,41.83,39.5,2.79M,0.11
"Jan 22, 2021",40.87,38.69,41.35,36.92,3.47M,5.66
"Jan 21, 2021",38.68,42.57,42.63,38.37,3.88M,-9.14
"Jan 20, 2021",42.57,42.6,42.76,40.29,4.23M,-0.13
"Jan 19, 2021",42.62,45.36,47.19,41.75,5.77M,-6.02
"Jan 18, 2021",45.35,45.91,46.88,44.07,3.37M,-0.93
"Jan 17, 2021",45.78,43.1,46.69,40.94,4.26M,6.21
"Jan 16, 2021",43.1,40.92,44.1,40.68,3.56M,5.35
"Jan 15, 2021",40.91,41.88,42.54,38.87,3.77M,-2.31
"Jan 14, 2021",41.88,40.12,41.93,39.65,3.59M,4.39
"Jan 13, 2021",40.12,38.24,40.42,37.05,3.91M,4.89
"Jan 12, 2021",38.25,38.16,40.01,37.13,4.38M,0
"Jan 11, 2021",38.26,42.42,42.44,35.1,8.52M,-9.84
"Jan 10, 2021",42.43,43.84,45.12,40.14,5.55M,-3.19
"Jan 09, 2021",43.83,42.33,44.02,41.51,3.56M,3.55
"Jan 08, 2021",42.33,43.62,43.65,40.34,4.69M,-3.01
"Jan 07, 2021",43.64,42.22,44.47,41.41,6.79M,3.45
"Jan 06, 2021",42.19,41.79,42.19,40.5,5.24M,0.95
"Jan 05, 2021",41.79,41.12,41.79,38.86,4.88M,1.68
"Jan 04, 2021",41.1,41.25,43.21,38.09,6.87M,-0.29
"Jan 03, 2021",41.22,38.24,41.64,37.78,6.34M,7.81
"Jan 02, 2021",38.23,37.73,38.46,36.81,3.94M,1.35
"Jan 01, 2021",37.72,37.33,38.93,36.98,3.24M,1.04
"Dec 31, 2020",37.34,38.1,38.19,36.73,2.57M,-2.01
"Dec 30, 2020",38.1,39.14,39.21,36.84,3.38M,-2.56
"Dec 29, 2020",39.1,35.94,39.7,35.31,9.68M,8.8
"Dec 28, 2020",35.94,33.64,36.09,33.35,5.58M,6.72
"Dec 27, 2020",33.68,33.6,34.97,31.97,4.90M,0.26
"Dec 26, 2020",33.59,33.18,34,32.57,3.17M,1.23
"Dec 25, 2020",33.18,32.51,33.48,31.8,3.35M,2.06
"Dec 24, 2020",32.51,31.19,32.74,30.4,3.93M,4.22
"Dec 23, 2020",31.19,33.52,34.43,30.03,5.45M,-6.94
"Dec 22, 2020",33.52,32.14,33.77,30.5,5.01M,4.24
"Dec 21, 2020",32.15,34.27,35.6,31.53,6.15M,-6.18
"Dec 20, 2020",34.27,33.3,35.63,32.61,5.83M,2.92
"Dec 19, 2020",33.3,30.96,34.21,30.91,5.31M,7.56
"Dec 18, 2020",30.96,30.22,31.21,29.69,2.87M,2.43
"Dec 17, 2020",30.22,30.56,31.51,29.76,4.49M,-1.09
"Dec 16, 2020",30.56,29.51,30.62,29.04,3.09M,3.54
"Dec 15, 2020",29.51,30.03,30.35,29.33,2.61M,-1.71
"Dec 14, 2020",30.03,29.14,30.18,28.66,2.68M,3.05
"Dec 13, 2020",29.14,28.17,29.26,28.02,2.18M,3.53
"Dec 12, 2020",28.14,27.34,28.23,27.28,1.75M,2.98
"Dec 11, 2020",27.33,27.73,27.79,26.73,1.70M,-1.19
"Dec 10, 2020",27.66,28.15,28.25,27.45,1.74M,-1.71
"Dec 09, 2020",28.14,27.63,28.42,26.94,2.51M,1.67
"Dec 08, 2020",27.68,29.36,29.52,27.47,2.86M,-5.76
"Dec 07, 2020",29.37,29.49,29.65,29,1.64M,-0.66
"Dec 06, 2020",29.56,29.73,30.17,29.01,1.72M,-0.57
"Dec 05, 2020",29.73,29.02,30.04,28.65,2.34M,2.41
"Dec 04, 2020",29.03,30.68,31.19,28.81,2.67M,-5.44
"Dec 03, 2020",30.7,30.3,30.79,29.89,2.43M,1.33
"Dec 02, 2020",30.3,30.08,30.99,29.61,2.93M,0.3
"Dec 01, 2020",30.21,31.42,31.88,29.23,4.15M,-4.08
"Nov 30, 2020",31.49,30.1,31.59,29.72,3.82M,4.67
"Nov 29, 2020",30.09,29.15,30.45,28.92,3.78M,3.18
"Nov 28, 2020",29.16,28.46,29.61,27.92,3.54M,2.52
"Nov 27, 2020",28.44,28.22,28.71,27.23,3.26M,0.78
"Nov 26, 2020",28.22,31.28,31.76,26.45,8.78M,-9.8
"Nov 25, 2020",31.29,33.93,35.38,30.54,6.28M,-7.74
"Nov 24, 2020",33.91,32.33,35.13,31.59,9.72M,9.46
"Nov 23, 2020",30.98,30.04,31.06,29.8,3.94M,3.14
"Nov 22, 2020",30.04,30.49,31.12,29,3.92M,-1.5
"Nov 21, 2020",30.5,28.96,30.79,28.33,4.24M,5.31
"Nov 20, 2020",28.96,28.12,29.3,28.08,3.35M,3.05
"Nov 19, 2020",28.1,28.07,28.35,27.62,2.77M,0.1
"Nov 18, 2020",28.07,28.55,28.77,27.51,3.08M,-1.7
"Nov 17, 2020",28.56,27.95,28.75,27.93,3.06M,2.12
"Nov 16, 2020",27.96,27.67,28.21,27.45,2.36M,1.08
"Nov 15, 2020",27.66,27.92,28.22,27.08,2.04M,-0.9
"Nov 14, 2020",27.91,28.21,28.21,27.39,2.10M,-0.98
"Nov 13, 2020",28.19,27.71,28.51,27.52,2.65M,1.75
"Nov 12, 2020",27.71,28,28.15,27.31,2.30M,-1.02
"Nov 11, 2020",27.99,28.21,28.58,27.83,2.66M,-0.72
"Nov 10, 2020",28.19,28.09,28.48,27.67,3.00M,0.38
"Nov 09, 2020",28.09,28.38,28.94,27.36,3.05M,-1.05
"Nov 08, 2020",28.38,27.76,28.7,27.46,3.21M,2.24
"Nov 07, 2020",27.76,29.06,29.86,26.9,4.36M,-4.46
"Nov 06, 2020",29.06,27.69,29.44,27.68,3.83M,4.94
"Nov 05, 2020",27.69,26.94,27.89,26.68,3.38M,2.77
"Nov 04, 2020",26.94,26.88,26.96,25.95,3.01M,0.26
"Nov 03, 2020",26.87,27.8,27.8,25.84,3.63M,-3.33
"Nov 02, 2020",27.8,28.52,29.3,27.8,2.95M,-2.5
"Nov 01, 2020",28.51,28.51,28.68,28.08,2.65M,0
"Oct 31, 2020",28.51,28.49,28.88,28.13,2.77M,0.07
"Oct 30, 2020",28.49,29.87,30.25,27.58,4.41M,-4.6
"Oct 29, 2020",29.86,30.33,30.42,29.49,2.76M,-1.55
"Oct 28, 2020",30.33,31.49,31.93,29.81,3.11M,-3.71
"Oct 27, 2020",31.5,31.04,32.37,30.91,3.98M,1.48
"Oct 26, 2020",31.04,30.15,31.39,29.96,3.65M,2.96
"Oct 25, 2020",30.15,30.63,30.96,29.9,2.12M,-1.6
"Oct 24, 2020",30.64,30.64,30.85,30.42,2.25M,0.02
"Oct 23, 2020",30.64,30.64,31.17,30.09,2.81M,-0.03
"Oct 22, 2020",30.65,29.74,31.29,29.71,3.87M,3.05
"Oct 21, 2020",29.74,28.78,30.39,28.64,3.69M,3.28
"Oct 20, 2020",28.8,29.92,30.08,28.5,3.55M,-3.74
"Oct 19, 2020",29.92,30.65,30.66,29.74,2.45M,-2.44
"Oct 18, 2020",30.66,30.22,31.01,30.17,3.10M,1.43
"Oct 17, 2020",30.23,30.02,30.56,29.68,2.57M,0.71
"Oct 16, 2020",30.02,31.29,31.96,29.57,4.09M,-4.13
"Oct 15, 2020",31.31,30.84,31.65,30.43,3.67M,1.52
"Oct 14, 2020",30.84,30.73,31.32,30.4,3.39M,0.39
"Oct 13, 2020",30.72,30.66,31.78,30.21,4.54M,0
"Oct 12, 2020",30.72,28.52,31.09,28.44,5.87M,7.71
"Oct 11, 2020",28.52,28.41,28.72,27.91,3.21M,0.51
"Oct 10, 2020",28.38,28.4,29.24,28.11,3.23M,0
"Oct 09, 2020",28.38,27.69,28.51,27.48,3.47M,2.49
"Oct 08, 2020",27.69,27.7,27.8,26.54,3.35M,0
"Oct 07, 2020",27.7,27.69,27.9,26.84,2.81M,0
"Oct 06, 2020",27.7,28.58,28.98,27.26,3.78M,-3.12
"Oct 05, 2020",28.59,29.01,29.25,28.1,3.05M,-1.46
"Oct 04, 2020",29.01,28.19,29.1,28.01,4.09M,2.97
"Oct 03, 2020",28.18,27.31,28.38,27.08,3.90M,3.22
"Oct 02, 2020",27.3,27.45,28.16,25.71,5.51M,-0.66
"Oct 01, 2020",27.48,29.27,29.38,26.26,5.34M,-6.28
"Sep 30, 2020",29.32,28.81,29.55,27.9,4.13M,1.79
"Sep 29, 2020",28.81,26.99,28.99,26.9,4.80M,6.76
"Sep 28, 2020",26.98,26.23,27.7,25.85,4.28M,2.87
"Sep 27, 2020",26.23,26.18,26.87,25.54,3.43M,0.13
"Sep 26, 2020",26.2,24.68,26.46,24.48,4.14M,6.14
"Sep 25, 2020",24.68,24.57,25.06,23.78,3.80M,0.44
"Sep 24, 2020",24.57,22.81,24.66,22.59,4.39M,7.74
"Sep 23, 2020",22.81,24.04,24.32,22.47,4.21M,-5.1
"Sep 22, 2020",24.03,23.03,24.55,22.75,4.43M,4.35
"Sep 21, 2020",23.03,26.32,26.65,22.32,7.10M,-12.64
"Sep 20, 2020",26.37,27.2,27.31,25.14,3.94M,-3.06
"Sep 19, 2020",27.2,27.66,27.95,26.66,3.36M,-1.7
"Sep 18, 2020",27.67,27.06,28.73,26.65,5.75M,2.26
"Sep 17, 2020",27.06,27.83,28.78,26.06,6.22M,-2.76
"Sep 16, 2020",27.83,27.12,28.43,25.94,7.79M,2.64
"Sep 15, 2020",27.11,31.14,31.14,26.75,10.69M,-12.83
"Sep 14, 2020",31.1,31.14,33.35,29.05,12.31M,-0.18
"Sep 13, 2020",31.16,28.5,32.32,28.13,15.13M,9.31
"Sep 12, 2020",28.5,25.4,28.52,25.39,9.43M,12.2
"Sep 11, 2020",25.4,24.53,25.68,23.11,5.40M,3.55
"Sep 10, 2020",24.53,24.49,25.54,24.1,6.22M,0.18
"Sep 09, 2020",24.49,23.24,24.51,22.46,5.97M,5.38
"Sep 08, 2020",23.24,22.45,23.41,21.3,7.72M,3.52
"Sep 07, 2020",22.45,23.18,23.55,20.13,7.46M,-3.17
"Sep 06, 2020",23.18,19.47,23.44,18.58,10.83M,19.08
"Sep 05, 2020",19.47,20.96,21.53,18.02,5.88M,-7.1
"Sep 04, 2020",20.95,20.33,21.83,19.42,8.41M,3.05
"Sep 03, 2020",20.33,24.7,25.54,20.18,10.46M,-17.69
"Sep 02, 2020",24.7,24.72,25.81,23.23,8.96M,-0.08
"Sep 01, 2020",24.72,23.13,25.39,22.87,6.86M,6.87
"Aug 31, 2020",23.13,23.63,23.9,22.99,2.94M,-2.09
"Aug 30, 2020",23.63,22.94,23.83,22.91,3.13M,2.98
"Aug 29, 2020",22.94,23.07,23.5,22.75,2.89M,-0.54
"Aug 28, 2020",23.07,23.1,23.57,22.62,3.87M,-0.16
"Aug 27, 2020",23.11,22.2,23.14,21.83,4.46M,4.09
"Aug 26, 2020",22.2,21.39,22.48,21.28,3.85M,3.76
"Aug 25, 2020",21.39,22.61,22.63,20.99,3.53M,-5.36
"Aug 24, 2020",22.61,21.85,22.96,21.67,2.44M,3.49
"Aug 23, 2020",21.84,22.19,22.22,21.55,2.56M,-1.61
"Aug 22, 2020",22.2,22.09,22.26,21.29,3.00M,0.62
"Aug 21, 2020",22.06,23.07,23.33,21.63,3.85M,-4.36
"Aug 20, 2020",23.07,22.35,23.3,22.02,3.31M,3.2
"Aug 19, 2020",22.35,23.01,23.25,21.86,3.27M,-2.85
"Aug 18, 2020",23.01,23.51,23.77,22.37,3.86M,-2.1
"Aug 17, 2020",23.5,23.5,23.92,23,3.63M,0
"Aug 16, 2020",23.5,23.02,23.77,22.72,3.88M,2.15
"Aug 15, 2020",23.01,23.11,23.78,22.81,3.93M,-0.45
"Aug 14, 2020",23.11,21.78,23.29,21.27,5.34M,6.13
"Aug 13, 2020",21.78,21.5,21.86,20.64,4.38M,1.28
"Aug 12, 2020",21.5,21.27,21.97,20.6,3.57M,1.1
"Aug 11, 2020",21.27,22.63,22.72,20.7,4.55M,-6.01
"Aug 10, 2020",22.63,22.44,22.78,22.08,3.06M,0.84
"Aug 09, 2020",22.44,22.92,22.94,22.05,3.04M,-2.12
"Aug 08, 2020",22.92,22.34,22.92,21.86,3.37M,2.63
"Aug 07, 2020",22.33,22.75,23,21.5,4.14M,-1.8
"Aug 06, 2020",22.75,23.27,23.29,22.53,3.64M,-2.3
"Aug 05, 2020",23.28,22.3,23.54,22.09,5.36M,4.39
"Aug 04, 2020",22.3,22.07,22.44,21.52,3.65M,1.07
"Aug 03, 2020",22.07,21,22.49,20.72,4.06M,5.07
"Aug 02, 2020",21,21.63,22.15,19.26,5.00M,-2.87
"Aug 01, 2020",21.62,20.67,21.75,20.58,3.86M,4.62
"Jul 31, 2020",20.67,19.98,20.85,19.91,3.35M,3.44
"Jul 30, 2020",19.98,19.84,20.09,19.56,3.18M,0.69
"Jul 29, 2020",19.84,19.84,19.85,19.8,3.43M,-1.61
"Jul 28, 2020",20.17,19.79,20.62,19.46,5.19M,1.87
"Jul 27, 2020",19.79,19.55,20.18,18.45,5.59M,1.23
"Jul 26, 2020",19.55,19.8,20.25,19.34,4.23M,-1.23
"Jul 25, 2020",19.8,19.18,20.03,19.16,4.41M,3.2
"Jul 24, 2020",19.18,18.76,19.54,18.24,4.12M,2.28
"Jul 23, 2020",18.76,18.11,18.76,18.05,3.66M,3.63
"Jul 22, 2020",18.1,17.72,18.11,17.46,3.39M,2.15
"Jul 21, 2020",17.72,17.47,17.98,17.4,3.29M,1.44
"Jul 20, 2020",17.47,18.01,18.33,17.28,3.68M,-3
"Jul 19, 2020",18.01,17.13,18.1,16.9,3.75M,5.1
"Jul 18, 2020",17.13,17.07,17.32,16.83,2.60M,0.36
"Jul 17, 2020",17.07,17.15,17.48,16.99,2.79M,-0.43
"Jul 16, 2020",17.15,17.63,17.76,16.56,3.20M,-2.73
"Jul 15, 2020",17.63,18.09,18.15,17.44,2.91M,-2.55
"Jul 14, 2020",18.09,18.42,18.76,17.88,3.43M,-1.77
"Jul 13, 2020",18.42,18.31,18.99,17.73,4.28M,0.62
"Jul 12, 2020",18.31,17.62,18.59,17.6,4.01M,3.89
"Jul 11, 2020",17.62,17.3,17.68,17.03,3.13M,1.85
"Jul 10, 2020",17.3,16.83,17.33,16.44,2.82M,2.76
"Jul 09, 2020",16.84,17.28,17.47,16.49,2.70M,-2.47
"Jul 08, 2020",17.26,16.8,17.45,16.62,3.23M,2.76
"Jul 07, 2020",16.8,16.3,16.86,16.06,2.77M,3.06
"Jul 06, 2020",16.3,15.51,16.33,15.44,2.47M,5.13
"Jul 05, 2020",15.5,15.56,15.61,15.16,1.83M,-0.34
"Jul 04, 2020",15.56,15.28,15.63,15.23,2.03M,1.84
"Jul 03, 2020",15.28,15.36,15.48,15.26,1.94M,-0.53
"Jul 02, 2020",15.36,15.81,15.96,15.09,2.26M,-2.88
"Jul 01, 2020",15.81,15.4,15.88,15.34,2.58M,2.66
"Jun 30, 2020",15.4,15.46,15.54,15.25,2.18M,-0.38
"Jun 29, 2020",15.46,15.38,15.59,15.21,2.66M,0.45
"Jun 28, 2020",15.39,15.13,15.49,14.93,2.93M,1.74
"Jun 27, 2020",15.13,15.77,15.87,14.85,2.55M,-4.05
"Jun 26, 2020",15.77,15.91,15.99,15.58,2.05M,-0.89
"Jun 25, 2020",15.91,16,16.08,15.51,2.08M,-0.58
"Jun 24, 2020",16,16.39,16.64,15.98,2.49M,-2.37
"Jun 23, 2020",16.39,16.5,16.54,16.27,2.48M,-0.68
"Jun 22, 2020",16.5,15.97,16.52,15.96,2.94M,3.33
"Jun 21, 2020",15.97,16.06,16.31,15.94,2.30M,-0.54
"Jun 20, 2020",16.06,15.97,16.09,15.72,2.42M,0.5
"Jun 19, 2020",15.98,16.15,16.28,15.91,2.32M,-1.1
"Jun 18, 2020",16.15,16.4,16.53,15.91,2.48M,-1.47
"Jun 17, 2020",16.4,16.43,16.62,16.01,2.66M,-0.19
"Jun 16, 2020",16.43,16.38,16.62,16.16,3.00M,0.31
"Jun 15, 2020",16.38,16.56,16.6,15.54,2.88M,-1.12
"Jun 14, 2020",16.56,16.81,16.84,16.43,3.14M,-1.46
"Jun 13, 2020",16.81,16.64,16.81,16.49,3.57M,1.01
"Jun 12, 2020",16.64,16.23,16.78,16.1,3.42M,2.54
"Jun 11, 2020",16.23,17.39,17.49,15.98,3.25M,-6.7
"Jun 10, 2020",17.39,17.37,17.57,17.25,3.29M,0.13
"Jun 09, 2020",17.37,17.43,17.51,17.12,3.02M,-0.33
"Jun 08, 2020",17.43,17.42,17.54,17.26,3.05M,0.07
"Jun 07, 2020",17.42,17.56,17.64,16.91,3.35M,-0.81
"Jun 06, 2020",17.56,17.7,17.79,17.51,3.74M,-0.78
"Jun 05, 2020",17.7,17.52,17.89,17.45,4.21M,1.01
"Jun 04, 2020",17.52,17.56,17.67,17.08,3.99M,-0.22
"Jun 03, 2020",17.56,17.28,17.62,17.04,4.48M,1.58
"Jun 02, 2020",17.28,17.92,18.19,16.78,4.46M,-3.56
"Jun 01, 2020",17.92,17.1,18.08,16.99,5.28M,4.75
"May 31, 2020",17.11,17.73,18.16,16.87,4.77M,-3.51
"May 30, 2020",17.73,17,17.78,16.94,5.42M,4.28
"May 29, 2020",17,17.08,17.18,16.68,4.86M,-0.44
"May 28, 2020",17.08,16.46,17.14,16.39,5.32M,3.75
"May 27, 2020",16.46,16.22,16.5,16.16,5.01M,1.51
"May 26, 2020",16.22,16.38,16.49,15.97,4.38M,-0.99
"May 25, 2020",16.38,15.98,16.4,15.87,5.08M,2.32
"May 24, 2020",16.01,16.47,16.79,16.01,4.92M,-2.83
"May 23, 2020",16.47,16.59,16.84,16.33,4.93M,-0.74
"May 22, 2020",16.59,16.08,16.89,15.92,5.33M,3.16
"May 21, 2020",16.09,16.9,17.05,15.76,4.81M,-4.79
"May 20, 2020",16.9,17.2,17.33,16.55,5.21M,-1.78
"May 19, 2020",17.2,16.63,17.23,16.31,6.67M,3.43
"May 18, 2020",16.63,16.29,16.87,16.2,6.39M,2.13
"May 17, 2020",16.29,16.05,16.51,16,5.49M,1.45
"May 16, 2020",16.05,15.71,16.27,15.58,6.45M,2.16
"May 15, 2020",15.71,16.36,16.53,15.56,6.04M,-4.1
"May 14, 2020",16.39,16.12,16.64,15.28,7.31M,1.68
"May 13, 2020",16.11,15.76,16.31,14.97,6.71M,2.25
"May 12, 2020",15.76,15.09,16.23,14.21,7.37M,4.21
"May 11, 2020",15.12,15.28,15.56,14.05,8.35M,-1.03
"May 10, 2020",15.28,16.81,16.81,14.03,9.58M,-9.08
"May 09, 2020",16.81,17.14,17.49,16.81,6.06M,-1.94
"May 08, 2020",17.14,16.99,17.43,16.83,5.51M,0.85
"May 07, 2020",17,16.37,17.24,16.2,6.91M,3.82
"May 06, 2020",16.37,16.86,17.14,16.34,5.72M,-2.89
"May 05, 2020",16.86,17.02,17.31,16.58,5.69M,-0.97
"May 04, 2020",17.02,17.11,17.3,16.31,5.97M,-0.48
"May 03, 2020",17.11,17.52,17.81,16.86,5.64M,-2.32
"May 02, 2020",17.51,17.44,17.58,17.27,6.12M,0.43
"May 01, 2020",17.44,17,17.9,16.91,7.22M,2.56
"Apr 30, 2020",17,17.44,18.2,16.49,8.82M,-2.47
"Apr 29, 2020",17.43,16.32,17.54,16.28,8.18M,6.8
"Apr 28, 2020",16.32,16.49,16.54,16.14,6.13M,-0.99
"Apr 27, 2020",16.49,16.36,16.66,16.07,7.52M,0.76
"Apr 26, 2020",16.36,16.21,16.48,16.09,6.66M,0.84
"Apr 25, 2020",16.22,15.91,16.46,15.72,6.32M,1.95
"Apr 24, 2020",15.91,16.02,16.34,15.7,7.75M,-0.63
"Apr 23, 2020",16.02,15.7,16.41,15.4,9.43M,2.03
"Apr 22, 2020",15.7,15.1,15.84,14.91,8.33M,3.94
"Apr 21, 2020",15.1,14.98,15.48,14.75,7.61M,0.92
"Apr 20, 2020",14.96,16.06,16.66,14.87,8.00M,-6.84
"Apr 19, 2020",16.06,16.62,16.7,15.86,7.23M,-3.36
"Apr 18, 2020",16.62,15.63,16.83,12.85,9.24M,6.33
"Apr 17, 2020",15.63,15.64,15.94,12.96,6.10M,0
"Apr 16, 2020",15.63,14.57,15.75,12.96,9.27M,7.26
"Apr 15, 2020",14.57,15.6,15.92,14.5,8.79M,-6.59
"Apr 14, 2020",15.6,15.04,15.96,14.78,9.84M,3.72
"Apr 13, 2020",15.04,14.28,15.1,13.65,8.99M,5.26
"Apr 12, 2020",14.29,13.81,14.83,13.65,9.12M,3.48
"Apr 11, 2020",13.81,13.72,14.12,13.54,7.74M,0.64
"Apr 10, 2020",13.72,15.01,15.07,13.49,8.57M,-8.61
"Apr 09, 2020",15.01,15.1,15.22,14.69,9.52M,-0.55
"Apr 08, 2020",15.09,14.74,15.36,14.56,8.18M,2.34
"Apr 07, 2020",14.75,15.21,15.5,14.26,9.53M,-2.89
"Apr 06, 2020",15.19,13.69,15.22,13.63,10.71M,10.97
"Apr 05, 2020",13.69,13.76,13.96,13.41,9.29M,-0.52
"Apr 04, 2020",13.76,13.36,14.01,13.18,9.73M,2.99
"Apr 03, 2020",13.36,13.03,13.58,12.91,9.59M,2.57
"Apr 02, 2020",13.02,12.72,13.67,12.54,10.32M,2.45
"Apr 01, 2020",12.71,12.55,12.74,11.98,8.57M,1.31
"Mar 31, 2020",12.55,12.16,12.72,12.1,9.56M,3.21
"Mar 30, 2020",12.16,11.3,12.4,11.26,8.22M,7.62
"Mar 29, 2020",11.3,12.2,12.29,11.3,5.36M,-7.25
"Mar 28, 2020",12.18,12.34,12.38,11.65,6.11M,-1.21
"Mar 27, 2020",12.33,13.21,13.37,12.24,6.38M,-6.64
"Mar 26, 2020",13.21,12.34,13.27,12.19,7.03M,7.02
"Mar 25, 2020",12.34,12.35,12.7,11.61,7.60M,0
"Mar 24, 2020",12.34,12.19,12.56,11.37,9.24M,1.24
"Mar 23, 2020",12.19,11.15,12.49,10.84,10.85M,9.24
"Mar 22, 2020",11.16,12.11,12.48,11.05,10.86M,-7.84
"Mar 21, 2020",12.11,11.94,12.45,11.31,12.14M,1.46
"Mar 20, 2020",11.94,12.3,13.66,10.5,14.04M,-2.95
"Mar 19, 2020",12.3,10.4,12.69,10.25,12.93M,18.24
"Mar 18, 2020",10.4,10.29,10.44,9.67,9.72M,1.12
"Mar 17, 2020",10.29,9.42,10.49,9.34,10.60M,9.15
"Mar 16, 2020",9.42,10.4,10.41,8.47,13.27M,-9.41
"Mar 15, 2020",10.4,10.13,11.09,9.98,12.62M,2.74
"Mar 14, 2020",10.13,10.96,11.28,9.91,11.21M,-7.64
"Mar 13, 2020",10.96,9.25,11.45,6.5,24.31M,18.54
"Mar 12, 2020",9.25,16.54,16.66,8.98,18.29M,-44.08
"Mar 11, 2020",16.54,16.84,17.14,15.43,6.00M,-1.78
"Mar 10, 2020",16.84,16.55,17.49,16.37,7.60M,1.74
"Mar 09, 2020",16.55,16.89,17.51,15.61,9.96M,-2.21
"Mar 08, 2020",16.93,20.24,20.27,16.74,8.06M,-16.38
"Mar 07, 2020",20.24,21.37,21.49,19.73,5.52M,-5.27
"Mar 06, 2020",21.37,20.76,21.76,20.67,7.11M,2.95
"Mar 05, 2020",20.76,19.96,21.49,19.94,7.03M,3.9
"Mar 04, 2020",19.98,19.71,20.25,19.52,5.96M,1.78
"Mar 03, 2020",19.63,19.94,20.35,19.27,6.65M,-1.53
"Mar 02, 2020",19.93,18.95,20.25,18.63,8.50M,5.52
"Mar 01, 2020",18.89,19.28,20.23,18.38,8.67M,-2
"Feb 29, 2020",19.28,19,20.36,18.67,15.68M,1.68
"Feb 28, 2020",18.96,19.2,19.73,17.9,11.36M,-1.29
"Feb 27, 2020",19.2,18.76,19.65,17.68,7.87M,2.39
"Feb 26, 2020",18.76,20.25,20.66,17.94,9.58M,-7.32
"Feb 25, 2020",20.24,22.14,22.19,20.1,6.53M,-8.61
"Feb 24, 2020",22.14,22.81,23.34,21.46,6.09M,-2.91
"Feb 23, 2020",22.81,22.1,23.13,21.9,7.43M,3.54
"Feb 22, 2020",22.03,22.18,22.35,21.5,5.69M,-0.59
"Feb 21, 2020",22.16,22.11,22.99,21.76,6.55M,0.23
"Feb 20, 2020",22.11,22.32,22.79,21.01,6.18M,-0.92
"Feb 19, 2020",22.31,24.04,24.36,22.07,5.86M,-7.18
"Feb 18, 2020",24.04,23.46,24.5,22.8,5.86M,2.51
"Feb 17, 2020",23.45,23.4,23.63,21.57,6.18M,0.22
"Feb 16, 2020",23.4,24.28,25.3,21.82,6.98M,-3.62
"Feb 15, 2020",24.28,26.32,26.5,23.55,6.71M,-7.77
"Feb 14, 2020",26.32,25.48,26.55,25.04,6.46M,3.09
"Feb 13, 2020",25.53,26.43,27.2,24.66,6.65M,-3.41
"Feb 12, 2020",26.43,25.68,26.95,25.33,7.07M,2.92
"Feb 11, 2020",25.68,25.14,25.77,24.15,9.66M,2.15
"Feb 10, 2020",25.14,24.27,25.72,23.3,12.23M,3.57
"Feb 09, 2020",24.28,21.76,24.34,21.02,9.15M,11.57
"Feb 08, 2020",21.76,22.03,22.16,20.91,7.00M,-1.21
"Feb 07, 2020",22.03,20.62,22.51,20.47,9.06M,6.83
"Feb 06, 2020",20.62,19.25,20.78,19.03,7.50M,7.11
"Feb 05, 2020",19.25,18.17,19.44,16.71,6.10M,5.94
"Feb 04, 2020",18.17,18.46,18.61,18.17,4.61M,-1.57
"Feb 03, 2020",18.46,18.41,18.84,18.19,4.90M,0.27
"Feb 02, 2020",18.41,18.24,18.75,17.86,5.58M,0.95
"Feb 01, 2020",18.24,18.22,18.58,18.04,5.52M,0.2
"Jan 31, 2020",18.2,18.53,18.83,17.82,5.40M,-1.79
"Jan 30, 2020",18.53,17.9,18.68,17.7,5.60M,3.54
"Jan 29, 2020",17.9,18.03,18.41,17.82,4.77M,-0.51
"Jan 28, 2020",17.99,17.64,18.13,17.46,6.03M,2.01
"Jan 27, 2020",17.64,17.46,17.86,17.21,5.11M,1.05
"Jan 26, 2020",17.46,16.96,17.52,16.82,5.91M,2.94
"Jan 25, 2020",16.96,17.07,17.11,16.61,4.87M,-0.55
"Jan 24, 2020",17.05,17.03,17.43,16.44,4.71M,0.07
"Jan 23, 2020",17.04,17.79,17.83,16.75,5.15M,-4.26
"Jan 22, 2020",17.8,18.08,18.71,17.56,5.18M,-1.61
"Jan 21, 2020",18.09,17.31,18.19,17.21,6.57M,4.5
"Jan 20, 2020",17.31,17.36,17.56,16.81,5.62M,-0.32
"Jan 19, 2020",17.36,17.81,18.45,16.73,6.20M,-2.5
"Jan 18, 2020",17.81,18.08,18.35,17.45,5.40M,-1.46
"Jan 17, 2020",18.07,17.04,18.43,17.03,7.33M,6.04
"Jan 16, 2020",17.04,17.62,17.7,16.35,5.68M,-3.28
"Jan 15, 2020",17.62,16.65,18.14,16.14,8.41M,5.8
"Jan 14, 2020",16.65,15.18,16.89,15.17,7.28M,9.77
"Jan 13, 2020",15.17,15.34,15.36,14.93,5.71M,-1.05
"Jan 12, 2020",15.33,14.94,15.46,14.82,5.92M,2.58
"Jan 11, 2020",14.94,15.06,15.34,14.75,4.80M,-0.79
"Jan 10, 2020",15.06,14.4,15.1,13.76,4.96M,4.64
"Jan 09, 2020",14.4,14.54,14.62,14.23,3.91M,-0.98
"Jan 08, 2020",14.54,15.03,15.32,14.23,4.56M,-3.22
"Jan 07, 2020",15.02,14.96,15.17,14.48,4.88M,0.44
"Jan 06, 2020",14.96,14.08,15.01,14.04,5.53M,6.31
"Jan 05, 2020",14.07,13.85,14.37,13.83,5.18M,1.58
"Jan 04, 2020",13.85,13.65,13.89,13.53,4.88M,1.49
"Jan 03, 2020",13.65,13.02,13.98,13.01,4.84M,4.72
"Jan 02, 2020",13.03,13.7,13.73,12.99,4.49M,-4.85
"Jan 01, 2020",13.7,13.73,13.88,13.65,4.61M,-0.25
"Dec 31, 2019",13.73,13.88,14.07,13.66,4.23M,-1.12
"Dec 30, 2019",13.89,14.12,14.42,13.81,4.79M,-1.62
"Dec 29, 2019",14.11,13.71,14.2,13.61,6.46M,2.97
"Dec 28, 2019",13.71,13.3,13.78,13.27,5.65M,3.04
"Dec 27, 2019",13.3,13.19,13.34,13,4.77M,0.83
"Dec 26, 2019",13.19,13.04,13.59,13.02,4.59M,1.14
"Dec 25, 2019",13.04,13.37,13.43,12.95,4.29M,-2.43
"Dec 24, 2019",13.37,13.35,13.65,13.28,4.90M,0.16
"Dec 23, 2019",13.35,13.81,14,13.25,4.51M,-3.36
"Dec 22, 2019",13.81,13.34,13.84,13.3,5.81M,3.55
"Dec 21, 2019",13.34,13.53,13.57,13.3,5.86M,-1.62
"Dec 20, 2019",13.56,13.36,13.57,13.12,5.73M,1.56
"Dec 19, 2019",13.35,13.59,13.76,12.95,4.79M,-1.74
"Dec 18, 2019",13.59,12.37,13.68,12.23,6.65M,9.79
"Dec 17, 2019",12.37,13.61,13.65,12.15,5.68M,-9.05
"Dec 16, 2019",13.61,14.55,14.58,13.47,4.79M,-6.47
"Dec 15, 2019",14.55,14.53,14.65,14.33,3.90M,0.09
"Dec 14, 2019",14.53,14.91,15.04,14.35,4.20M,-2.5
"Dec 13, 2019",14.91,14.83,15.04,14.77,4.28M,0.54
"Dec 12, 2019",14.83,14.86,14.94,14.57,3.71M,-0.2
"Dec 11, 2019",14.86,15.01,15.12,14.68,3.93M,-1.07
"Dec 10, 2019",15.02,15.48,15.49,14.74,4.43M,-2.75
"Dec 09, 2019",15.44,15.64,15.91,15.29,4.78M,-1.26
"Dec 08, 2019",15.64,15.63,15.86,15.43,5.35M,0.08
"Dec 07, 2019",15.63,15.69,15.84,15.56,5.69M,-0.45
"Dec 06, 2019",15.7,15.67,15.79,15.35,5.47M,0.17
"Dec 05, 2019",15.67,15.16,15.74,14.93,5.72M,3.35
"Dec 04, 2019",15.16,15.32,15.71,14.97,5.44M,-1.03
"Dec 03, 2019",15.32,15.21,15.53,15.13,4.82M,0.72
"Dec 02, 2019",15.21,15.53,15.7,15.14,3.98M,-2.06
"Dec 01, 2019",15.53,15.67,15.69,15.01,4.12M,-0.93
"Nov 30, 2019",15.68,16.14,16.19,15.42,4.95M,-2.89
"Nov 29, 2019",16.14,15.52,16.26,15.46,5.54M,4.02
"Nov 28, 2019",15.52,16.03,16.12,15.45,4.28M,-3.17
"Nov 27, 2019",16.03,15.48,16.16,14.89,5.80M,3.58
"Nov 26, 2019",15.47,15.28,15.98,15.16,4.69M,1.16
"Nov 25, 2019",15.3,15.2,15.87,14.15,7.03M,0.6
"Nov 24, 2019",15.21,16.29,16.52,15.12,5.43M,-6.65
"Nov 23, 2019",16.29,15.58,16.39,15.13,5.60M,4.54
"Nov 22, 2019",15.58,16.81,16.81,14.56,8.33M,-7.31
"Nov 21, 2019",16.81,18.02,21.68,16.64,4.52M,-6.71
"Nov 20, 2019",18.02,18.49,18.7,17.39,3.81M,-2.46
"Nov 19, 2019",18.48,19.1,19.39,18.25,3.63M,-3.25
"Nov 18, 2019",19.1,20.16,20.16,18.85,3.90M,-5.27
"Nov 17, 2019",20.16,20.1,20.33,19.78,3.89M,0.28
"Nov 16, 2019",20.1,20.3,20.61,19.85,3.54M,-0.99
"Nov 15, 2019",20.31,21.21,21.23,20.07,3.78M,-4.28
"Nov 14, 2019",21.21,21.3,21.54,20.88,3.43M,-0.46
"Nov 13, 2019",21.31,20.89,21.65,20.66,3.76M,2
"Nov 12, 2019",20.89,20.11,20.89,20.06,3.30M,3.89
"Nov 11, 2019",20.11,20.42,20.6,19.81,2.98M,-1.51
"Nov 10, 2019",20.42,19.76,20.57,19.72,3.75M,3.36
"Nov 09, 2019",19.76,19.71,20,19.56,2.71M,0.23
"Nov 08, 2019",19.71,20.39,20.48,19.39,3.02M,-3.37
"Nov 07, 2019",20.4,20.65,20.77,19.96,3.31M,-1.2
"Nov 06, 2019",20.65,20.62,20.88,20.35,3.93M,0.14
"Nov 05, 2019",20.62,20.62,20.86,20.34,4.09M,0
"Nov 04, 2019",20.62,20.16,20.86,20.06,4.92M,2.24
"Nov 03, 2019",20.16,20.19,20.38,19.85,4.64M,-0.15
"Nov 02, 2019",20.19,19.9,20.3,18.92,5.22M,1.48
"Nov 01, 2019",19.9,19.85,19.98,19.62,3.07M,0.26
"Oct 31, 2019",19.85,19.9,20.25,19.3,4.37M,-0.27
"Oct 30, 2019",19.9,20.66,20.75,19.07,4.38M,-3.68
"Oct 29, 2019",20.66,19.89,21.14,19.8,5.84M,3.83
"Oct 28, 2019",19.9,19.29,21.09,19.27,6.62M,3.09
"Oct 27, 2019",19.3,18.93,19.61,18.52,5.45M,1.96
"Oct 26, 2019",18.93,18.6,19.66,18.06,5.38M,1.77
"Oct 25, 2019",18.6,16.9,19.02,15.68,6.62M,10.05
"Oct 24, 2019",16.9,16.73,17.01,15.65,3.58M,1.06
"Oct 23, 2019",16.72,18.2,18.21,16.28,4.11M,-8.07
"Oct 22, 2019",18.19,18.25,18.76,18.08,4.50M,-0.32
"Oct 21, 2019",18.25,18.47,18.47,17.94,3.58M,-1.2
"Oct 20, 2019",18.47,18.17,18.57,17.75,4.20M,1.69
"Oct 19, 2019",18.17,18.2,18.42,17.86,3.64M,-0.19
"Oct 18, 2019",18.2,18.51,18.74,17.71,3.84M,-1.62
"Oct 17, 2019",18.5,17.76,18.77,17.59,4.88M,4.17
"Oct 16, 2019",17.76,18.44,18.58,17.44,4.43M,-3.7
"Oct 15, 2019",18.44,18.43,19.13,18.12,7.09M,0.05
"Oct 14, 2019",18.43,18.21,18.61,17.86,4.38M,1.25
"Oct 13, 2019",18.21,17.2,18.71,17.12,5.15M,5.86
"Oct 12, 2019",17.2,16.6,17.42,16.55,4.70M,3.6
"Oct 11, 2019",16.6,17.53,17.65,16.56,4.20M,-5.31
"Oct 10, 2019",17.53,17.71,17.89,17.07,4.71M,-0.99
"Oct 09, 2019",17.71,16.04,17.96,15.93,6.26M,10.38
"Oct 08, 2019",16.04,16.05,16.34,15.82,2.65M,0
"Oct 07, 2019",16.05,15.36,16.14,15.22,2.97M,4.45
"Oct 06, 2019",15.36,15.72,15.75,15.22,2.42M,-2.24
"Oct 05, 2019",15.71,15.65,15.8,15.46,2.57M,0.44
"Oct 04, 2019",15.65,15.68,15.86,15.42,2.52M,-0.32
"Oct 03, 2019",15.7,15.91,15.97,15.44,2.34M,-1.33
"Oct 02, 2019",15.91,15.85,15.94,15.58,1.94M,0.36
"Oct 01, 2019",15.85,15.84,16.17,15.66,2.40M,0.06
"Sep 30, 2019",15.84,15.27,15.85,14.79,2.31M,3.73
"Sep 29, 2019",15.27,15.75,15.81,14.95,2.02M,-3.03
"Sep 28, 2019",15.75,15.65,15.85,15.35,2.27M,0.65
"Sep 27, 2019",15.65,15.41,15.74,14.82,2.63M,1.52
"Sep 26, 2019",15.41,16.25,16.65,14.65,3.29M,-5.15
"Sep 25, 2019",16.25,16.01,22.8,15.42,3.25M,1.46
"Sep 24, 2019",16.01,19.59,19.75,15.94,4.67M,-18.23
"Sep 23, 2019",19.59,20.55,20.56,19.45,2.19M,-4.71
"Sep 22, 2019",20.55,21.15,21.17,20.32,2.07M,-2.78
"Sep 21, 2019",21.14,21.4,21.56,21.03,2.28M,-1.22
"Sep 20, 2019",21.4,21.61,21.69,21.1,2.70M,-0.97
"Sep 19, 2019",21.61,22.21,22.46,20.53,2.87M,-2.72
"Sep 18, 2019",22.22,21.08,23.16,21.03,5.51M,5.38
"Sep 17, 2019",21.08,20.49,21.5,20.29,3.27M,3.01
"Sep 16, 2019",20.46,20.6,20.97,20.19,2.10M,-0.67
"Sep 15, 2019",20.6,21.1,21.2,20.6,2.33M,-2.38
"Sep 14, 2019",21.1,20.93,21.27,20.88,2.47M,0.85
"Sep 13, 2019",20.93,20.92,21.27,20.64,2.64M,0
"Sep 12, 2019",20.92,20.97,21.13,19.96,3.08M,-0.25
"Sep 11, 2019",20.97,22.08,22.26,20.78,2.08M,-4.99
"Sep 10, 2019",22.07,22.35,22.55,21.65,1.81M,-1.14
"Sep 09, 2019",22.33,22.61,22.64,21.99,2.03M,-1.13
"Sep 08, 2019",22.59,22.48,22.83,22.29,2.44M,0.45
"Sep 07, 2019",22.48,22.08,22.75,21.95,2.94M,1.81
"Sep 06, 2019",22.08,22.76,23.44,21.82,3.44M,-2.99
"Sep 05, 2019",22.76,21.83,23.58,21.6,3.80M,4.3
"Sep 04, 2019",21.83,22.51,22.74,21.63,2.03M,-3.02
"Sep 03, 2019",22.5,22.77,22.93,22.33,2.49M,-1.17
"Sep 02, 2019",22.77,21.55,22.88,21.2,3.51M,5.72
"Sep 01, 2019",21.54,21.22,21.83,21.16,2.76M,1.48
"Aug 31, 2019",21.22,22.19,22.42,21.17,2.50M,-4.27
"Aug 30, 2019",22.17,21.84,22.62,21.59,3.21M,1.53
"Aug 29, 2019",21.84,23.42,23.42,21.4,2.88M,-6.74
"Aug 28, 2019",23.42,25.6,25.99,23.32,2.57M,-8.5
"Aug 27, 2019",25.59,26.12,26.13,24.72,2.49M,-2.02
"Aug 26, 2019",26.12,26.08,27.18,25.79,3.31M,0.16
"Aug 25, 2019",26.08,26.44,26.48,25.67,1.92M,-1.39
"Aug 24, 2019",26.44,27.03,27.03,26.09,1.73M,-2.16
"Aug 23, 2019",27.03,27.02,27.32,26.87,2.20M,0.02
"Aug 22, 2019",27.02,26.95,27.32,26.31,2.12M,0.25
"Aug 21, 2019",26.95,28,28.04,26.42,2.18M,-3.71
"Aug 20, 2019",27.99,28.77,28.81,27.8,2.48M,-2.72
"Aug 19, 2019",28.78,27.9,29.2,27.73,3.38M,3.11
"Aug 18, 2019",27.91,27.45,28.16,27.11,2.98M,1.65
"Aug 17, 2019",27.45,27.5,27.9,27.07,2.71M,-0.18
"Aug 16, 2019",27.5,28.1,28.1,26.85,2.99M,-2.13
"Aug 15, 2019",28.1,27,28.2,27,3.61M,4.09
"Aug 14, 2019",27,29.43,29.45,26.85,2.90M,-8.31
"Aug 13, 2019",29.44,30.17,30.41,29.21,2.94M,-2.45
"Aug 12, 2019",30.18,30.26,30.55,29.84,3.48M,-0.25
"Aug 11, 2019",30.26,29.63,30.38,29.48,3.42M,2.22
"Aug 10, 2019",29.6,29.79,29.97,29.08,3.17M,-0.73
"Aug 09, 2019",29.82,31.19,31.48,29.66,2.74M,-4.41
"Aug 08, 2019",31.2,29.65,31.78,29.19,5.01M,5.21
"Aug 07, 2019",29.65,27.65,29.97,27.34,3.91M,7.24
"Aug 06, 2019",27.65,27.97,28.31,27.35,2.40M,-1.16
"Aug 05, 2019",27.97,27.38,28.32,27.35,1.99M,2.18
"Aug 04, 2019",27.38,27.74,27.8,27.13,1.72M,-1.3
"Aug 03, 2019",27.74,28.1,28.33,27.53,1.94M,-1.3
"Aug 02, 2019",28.1,28.7,28.73,27.57,2.48M,-2.04
"Aug 01, 2019",28.69,27.73,28.77,27.46,3.55M,3.45
"Jul 31, 2019",27.73,26.95,27.81,26.79,3.05M,2.92
"Jul 30, 2019",26.94,27.03,27.12,26.23,1.87M,-0.32
"Jul 29, 2019",27.03,27.73,27.99,26.86,1.80M,-2.49
"Jul 28, 2019",27.72,27.71,27.86,26.66,2.17M,0.08
"Jul 27, 2019",27.7,28.88,29.42,27.27,2.41M,-4.09
"Jul 26, 2019",28.88,28.93,29.03,28.21,2.97M,-0.15
"Jul 25, 2019",28.92,28.87,29.68,28.52,3.35M,0.13
"Jul 24, 2019",28.88,29.46,29.48,27.81,3.58M,-1.95
"Jul 23, 2019",29.46,30.83,30.87,29.02,4.04M,-4.47
"Jul 22, 2019",30.84,30.42,32.54,29.79,5.16M,1.37
"Jul 21, 2019",30.42,31.07,31.52,29.31,3.32M,-2.11
"Jul 20, 2019",31.07,28.98,31.45,28.9,4.34M,7.19
"Jul 19, 2019",28.99,28.91,29.92,28.33,5.86M,0.27
"Jul 18, 2019",28.91,27.64,29.51,26.8,9.11M,4.73
"Jul 17, 2019",27.61,25.06,28.09,24.18,8.15M,10.16
"Jul 16, 2019",25.06,28.58,29.52,24.95,5.46M,-12.3
"Jul 15, 2019",28.58,28.51,28.68,26.38,4.39M,0.27
"Jul 14, 2019",28.5,31.47,31.52,28.35,3.18M,-9.43
"Jul 13, 2019",31.46,31.88,32.5,30.25,2.67M,-1.31
"Jul 12, 2019",31.88,29.43,32.59,29.03,4.38M,8.32
"Jul 11, 2019",29.43,31.24,31.78,28.37,2.58M,-5.73
"Jul 10, 2019",31.22,32.51,32.94,30.62,2.41M,-4.01
"Jul 09, 2019",32.52,33.4,33.91,32.28,1.92M,-2.64
"Jul 08, 2019",33.4,32.97,34.24,32.8,2.35M,1.3
"Jul 07, 2019",32.97,32.61,33.37,32.47,2.05M,1.11
"Jul 06, 2019",32.61,32.61,33.18,32.53,1.91M,0.04
"Jul 05, 2019",32.6,33.07,33.64,32.42,2.38M,-1.44
"Jul 04, 2019",33.07,32.48,34.36,32.19,3.34M,1.83
"Jul 03, 2019",32.48,31.96,33.06,31.66,2.93M,1.61
"Jul 02, 2019",31.97,33.27,33.81,30.59,3.02M,-3.94
"Jul 01, 2019",33.27,32.12,34.01,31.44,2.82M,3.61
"Jun 30, 2019",32.11,35.49,35.51,32.05,3.15M,-9.5
"Jun 29, 2019",35.49,34.6,35.77,33.31,4.06M,2.52
"Jun 28, 2019",34.61,34.42,35.27,33.86,3.35M,0.56
"Jun 27, 2019",34.42,36.02,36.28,33.28,3.89M,-4.44
"Jun 26, 2019",36.02,36.08,37.94,34.52,4.45M,-0.15
"Jun 25, 2019",36.08,37.4,37.5,35.74,3.35M,-3.63
"Jun 24, 2019",37.43,37.25,37.8,36.05,4.41M,0.5
"Jun 23, 2019",37.25,37.97,38.46,37.23,4.67M,-1.87
"Jun 22, 2019",37.96,38.64,39.54,37.45,5.41M,-1.79
"Jun 21, 2019",38.65,36.78,38.82,36.24,5.41M,5.08
"Jun 20, 2019",36.78,35.11,36.92,34.34,9.54M,4.73
"Jun 19, 2019",35.12,34.5,35.63,34.33,8.71M,1.79
"Jun 18, 2019",34.5,33.78,35.05,33.69,8.08M,2.15
"Jun 17, 2019",33.78,32.19,34.3,32.19,7.32M,4.91
"Jun 16, 2019",32.2,32.71,33.21,31.78,4.30M,-1.56
"Jun 15, 2019",32.71,32.42,33.91,31.73,5.37M,0.89
"Jun 14, 2019",32.42,35.2,35.25,29.93,7.61M,-7.9
"Jun 13, 2019",35.2,34.85,36.25,34.18,6.02M,1.03
"Jun 12, 2019",34.84,31.88,34.96,31.79,6.40M,9.28
"Jun 11, 2019",31.89,31.99,32.02,31,4.84M,-0.32
"Jun 10, 2019",31.99,30.15,32,29.75,6.26M,6.09
"Jun 09, 2019",30.15,31.7,31.84,29.77,2.53M,-4.9
"Jun 08, 2019",31.7,31.43,32.29,31.13,3.23M,0.88
"Jun 07, 2019",31.43,31.16,31.96,30.95,2.76M,0.88
"Jun 06, 2019",31.15,30.85,31.99,29.75,2.99M,0.99
"Jun 05, 2019",30.85,29.2,31.18,29.01,3.35M,5.66
"Jun 04, 2019",29.2,30.87,31.45,28.73,2.88M,-5.41
"Jun 03, 2019",30.87,33.16,33.16,30.51,2.85M,-6.91
"Jun 02, 2019",33.16,33.3,33.75,32.69,3.13M,-0.43
"Jun 01, 2019",33.3,32.92,34.32,32.53,3.65M,1.13
"May 31, 2019",32.93,31.63,32.96,30.61,3.63M,4.11
"May 30, 2019",31.63,33.62,34.95,30.38,3.80M,-5.9
"May 29, 2019",33.62,33.12,33.87,30.93,3.64M,1.5
"May 28, 2019",33.12,33.46,34.49,32.5,3.59M,-1.02
"May 27, 2019",33.46,33.27,35.08,32.76,3.94M,0.58
"May 26, 2019",33.27,35.07,35.07,32.37,3.85M,-5.27
"May 25, 2019",35.12,34.1,35.47,33.65,4.18M,2.97
"May 24, 2019",34.1,31.42,34.7,31.21,4.53M,8.53
"May 23, 2019",31.42,30.67,32.23,30.2,3.79M,1.2
"May 22, 2019",31.05,32.41,32.41,30.69,3.80M,-4.2
"May 21, 2019",32.41,29.27,32.7,28.06,4.71M,10.75
"May 20, 2019",29.27,29.17,29.3,27.6,3.98M,0.33
"May 19, 2019",29.17,28.87,29.84,27.62,4.44M,1.05
"May 18, 2019",28.87,25.8,29.1,25.13,4.32M,11.89
"May 17, 2019",25.8,26.29,26.65,23.4,3.43M,-1.87
"May 16, 2019",26.29,26.82,27.74,25.08,4.20M,-1.98
"May 15, 2019",26.82,23.64,27.4,23.46,3.43M,13.45
"May 14, 2019",23.64,23.5,24.49,22.62,3.82M,0.6
"May 13, 2019",23.5,20.96,23.99,20.74,4.57M,12.13
"May 12, 2019",20.96,20.85,21.49,20.13,3.23M,0.53
"May 11, 2019",20.85,19.62,22,18.89,3.75M,6.25
"May 10, 2019",19.62,18.85,19.99,18.33,2.43M,4.24
"May 09, 2019",18.82,20.67,20.96,18.58,2.33M,-8.92
"May 08, 2019",20.67,20.66,21.4,19.6,2.74M,0.03
"May 07, 2019",20.66,22.19,22.45,20.3,1.81M,-6.86
"May 06, 2019",22.18,22.98,22.99,21.47,1.77M,-3.49
"May 05, 2019",22.98,22.9,23.17,22.66,1.79M,0.39
"May 04, 2019",22.9,23.7,23.79,22.31,1.90M,-3.41
"May 03, 2019",23.7,23.61,23.97,23.02,2.23M,0.4
"May 02, 2019",23.61,21.88,24.09,21.75,2.44M,7.91
"May 01, 2019",21.88,22.04,22.1,21.48,2.07M,-0.74
"Apr 30, 2019",22.04,21.67,22.3,21.34,2.20M,1.71
"Apr 29, 2019",21.67,23.01,23.08,21.34,2.39M,-5.82
"Apr 28, 2019",23.01,22.42,23.21,22.42,3.02M,2.64
"Apr 27, 2019",22.42,23.06,23.12,22.39,2.99M,-2.76
"Apr 26, 2019",23.06,22.48,23.78,21.68,3.27M,2.57
"Apr 25, 2019",22.48,23.01,23.44,21.61,3.12M,-2.3
"Apr 24, 2019",23.01,22.55,23.11,20.97,2.96M,2.04
"Apr 23, 2019",22.55,23.78,24.6,22.48,2.88M,-5.19
"Apr 22, 2019",23.78,24.03,24.61,23.18,3.01M,-1.03
"Apr 21, 2019",24.03,24.89,24.89,22.49,3.31M,-3.44
"Apr 20, 2019",24.89,24.32,25.49,23.79,3.54M,2.33
"Apr 19, 2019",24.32,21.88,24.7,21.17,4.25M,11.15
"Apr 18, 2019",21.88,19.49,21.99,19.43,3.69M,12.26
"Apr 17, 2019",19.49,19.64,19.77,19.27,2.00M,-0.78
"Apr 16, 2019",19.64,19.27,19.71,18.71,2.24M,1.95
"Apr 15, 2019",19.27,19.36,19.78,18.69,2.22M,-0.6
"Apr 14, 2019",19.38,18.62,19.9,18.43,2.44M,4.11
"Apr 13, 2019",18.62,18.32,18.63,17.95,2.21M,1.61
"Apr 12, 2019",18.32,17.53,18.54,16.62,2.33M,4.51
"Apr 11, 2019",17.53,18.23,18.23,16.32,1.81M,-3.87
"Apr 10, 2019",18.24,18.3,18.61,17.89,2.56M,-0.33
"Apr 09, 2019",18.3,17.98,18.54,17.05,2.78M,1.79
"Apr 08, 2019",17.98,18.96,19.03,17.8,2.14M,-5.16
"Apr 07, 2019",18.96,19.07,19.21,18.82,2.33M,-0.52
"Apr 06, 2019",19.06,19.36,19.36,18.84,2.52M,-1.57
"Apr 05, 2019",19.36,19,19.46,18.88,2.71M,1.93
"Apr 04, 2019",19,18.51,19.41,18.21,2.94M,2.62
"Apr 03, 2019",18.51,19.72,20,18,3.53M,-6.11
"Apr 02, 2019",19.72,17.91,19.88,17.56,3.36M,10.09
"Apr 01, 2019",17.91,17.53,18.23,17.34,2.97M,2.15
"Mar 31, 2019",17.53,16.97,17.72,16.75,3.18M,3.32
"Mar 30, 2019",16.97,16.49,16.97,15.97,2.79M,2.89
"Mar 29, 2019",16.49,16.65,16.81,16.38,2.74M,-0.98
"Mar 28, 2019",16.65,16.58,16.72,16.41,2.99M,0.44
"Mar 27, 2019",16.58,16.2,16.8,15.89,3.24M,2.46
"Mar 26, 2019",16.18,16.79,16.79,15.56,2.73M,-3.64
"Mar 25, 2019",16.79,17.13,17.34,16.11,2.77M,-1.96
"Mar 24, 2019",17.13,15.15,17.45,14.68,5.29M,13.08
"Mar 23, 2019",15.15,15.15,15.44,14.96,2.63M,-0.04
"Mar 22, 2019",15.15,14.35,15.22,14.23,2.69M,5.6
"Mar 21, 2019",14.35,15.13,15.3,13.9,3.02M,-5.16
"Mar 20, 2019",15.13,15.51,15.51,15.02,2.37M,-2.42
"Mar 19, 2019",15.51,15.54,15.8,15,4.27M,-0.21
"Mar 18, 2019",15.54,15.62,15.79,15.23,2.48M,-0.51
"Mar 17, 2019",15.62,15.96,15.96,15.44,3.10M,-2.09
"Mar 16, 2019",15.95,14.94,16,14.88,3.29M,6.81
"Mar 15, 2019",14.94,14.9,15.19,14.85,2.99M,0.22
"Mar 14, 2019",14.9,15.02,15.08,14.57,3.08M,-0.78
"Mar 13, 2019",15.02,15.34,15.37,14.94,3.28M,-2.09
"Mar 12, 2019",15.34,14.41,15.43,14.18,4.05M,6.48
"Mar 11, 2019",14.41,14.37,14.9,14.01,3.76M,0.26
"Mar 10, 2019",14.37,14.47,14.51,13.87,3.53M,-0.66
"Mar 09, 2019",14.47,14.29,14.92,13.98,4.00M,1.23
"Mar 08, 2019",14.29,15.1,15.21,13.58,6.34M,-5.36
"Mar 07, 2019",15.1,14.58,15.52,14.35,6.76M,3.59
"Mar 06, 2019",14.58,13.65,14.64,12.9,6.16M,6.78
"Mar 05, 2019",13.65,11.4,13.74,11.4,8.34M,19.61
"Mar 04, 2019",11.41,11.45,11.51,10.88,2.74M,-0.29
"Mar 03, 2019",11.45,11.75,11.86,11.2,2.86M,-2.58
"Mar 02, 2019",11.75,11.35,11.8,10.83,3.89M,3.56
"Mar 01, 2019",11.35,10.27,11.55,10.24,4.02M,10.45
"Feb 28, 2019",10.27,9.85,10.49,9.8,3.69M,4.26
"Feb 27, 2019",9.85,9.43,10,9.35,3.53M,4.5
"Feb 26, 2019",9.43,9.7,9.75,9.36,3.12M,-2.72
"Feb 25, 2019",9.69,9.92,10.23,9.35,5.35M,-2.38
"Feb 24, 2019",9.93,10.73,11.08,9.4,4.80M,-7.43
"Feb 23, 2019",10.73,10.76,10.85,10.4,2.88M,-0.3
"Feb 22, 2019",10.76,10.47,10.96,10.39,3.04M,2.71
"Feb 21, 2019",10.47,10.94,10.94,10.14,3.08M,-4.24
"Feb 20, 2019",10.94,10.47,11.27,10.4,4.34M,4.5
"Feb 19, 2019",10.47,9.61,11.11,9.5,4.90M,8.95
"Feb 18, 2019",9.61,9.22,9.7,9.18,2.81M,4.2
"Feb 17, 2019",9.22,9.1,9.22,8.91,2.46M,1.33
"Feb 16, 2019",9.1,9.25,9.32,9.06,2.50M,-1.63
"Feb 15, 2019",9.25,8.75,9.49,8.73,3.32M,5.73
"Feb 14, 2019",8.75,8.92,9.04,8.41,2.80M,-1.92
"Feb 13, 2019",8.92,9.28,9.28,8.71,4.00M,-3.85
"Feb 12, 2019",9.28,9.53,9.75,8.94,4.94M,-2.63
"Feb 11, 2019",9.53,9.17,9.78,9.04,6.04M,4.02
"Feb 10, 2019",9.16,8.9,9.29,8.83,5.75M,2.96
"Feb 09, 2019",8.9,8.59,8.92,8.44,5.44M,3.58
"Feb 08, 2019",8.59,7.81,8.8,7.61,4.96M,9.92
"Feb 07, 2019",7.81,8.13,8.47,7.68,4.35M,-3.88
"Feb 06, 2019",8.13,7.86,8.48,7.34,5.82M,3.48
"Feb 05, 2019",7.86,7.11,7.96,6.96,4.15M,10.54
"Feb 04, 2019",7.11,6.79,7.18,6.69,3.31M,4.69
"Feb 03, 2019",6.79,6.87,6.9,6.62,3.09M,-1.18
"Feb 02, 2019",6.87,6.52,6.9,6.49,3.25M,5.31
"Feb 01, 2019",6.52,6.22,6.64,6.12,2.94M,4.87
"Jan 31, 2019",6.22,6.13,6.26,5.96,2.27M,1.39
"Jan 30, 2019",6.13,6.14,6.2,6,2.24M,-0.09
"Jan 29, 2019",6.14,6.16,6.26,5.99,2.96M,-0.2
"Jan 28, 2019",6.15,7.04,7.14,5.97,4.95M,-12.58
"Jan 27, 2019",7.04,6.95,7.2,6.79,2.78M,1.32
"Jan 26, 2019",6.95,6.68,6.98,6.62,2.74M,3.99
"Jan 25, 2019",6.68,6.46,6.75,6.44,2.58M,3.46
"Jan 24, 2019",6.46,6.49,6.49,6.39,1.51M,-0.58
"Jan 23, 2019",6.49,6.47,6.52,6.35,1.93M,0.24
"Jan 22, 2019",6.48,6.47,6.5,6.26,1.86M,0.09
"Jan 21, 2019",6.47,6.4,6.51,6.29,1.85M,1.19
"Jan 20, 2019",6.4,6.53,6.63,6.24,1.78M,-2.06
"Jan 19, 2019",6.53,6.48,6.64,6.24,2.27M,0.79
"Jan 18, 2019",6.48,6.32,6.58,6.22,2.50M,2.51
"Jan 17, 2019",6.32,6.09,6.32,5.96,2.31M,3.77
"Jan 16, 2019",6.09,5.81,6.18,5.78,2.16M,4.85
"Jan 15, 2019",5.81,6.06,6.06,5.68,1.37M,-4.11
"Jan 14, 2019",6.06,5.47,6.06,5.46,2.33M,10.78
"Jan 13, 2019",5.47,5.86,5.89,5.38,1.42M,-6.71
"Jan 12, 2019",5.86,5.96,5.96,5.8,1.75M,-1.63
"Jan 11, 2019",5.96,5.84,6.12,5.69,2.56M,2.68
"Jan 10, 2019",5.8,6.56,6.57,5.66,3.35M,-11.47
"Jan 09, 2019",6.56,6.52,6.85,6.35,4.17M,0.61
"Jan 08, 2019",6.52,6.2,6.8,6.14,3.95M,5.08
"Jan 07, 2019",6.2,6.26,6.31,6.1,1.68M,-0.98
"Jan 06, 2019",6.26,5.97,6.37,5.93,2.51M,4.95
"Jan 05, 2019",5.97,5.97,6.1,5.93,1.63M,0.11
"Jan 04, 2019",5.96,5.79,5.99,5.75,1.66M,2.86
"Jan 03, 2019",5.79,6.05,6.06,5.78,1.53M,-4.19
"Jan 02, 2019",6.05,5.99,6.09,5.85,2.13M,0.89
"Jan 01, 2019",5.99,6.11,6.12,5.78,1.42M,-1.82
"Dec 31, 2018",6.11,5.89,6.24,5.84,2.38M,3.56
"Dec 30, 2018",5.89,5.66,5.9,5.56,1.40M,4.34
"Dec 29, 2018",5.65,5.88,5.99,5.61,1.23M,-3.87
"Dec 28, 2018",5.88,5.17,5.89,5.11,1.50M,13.7
"Dec 27, 2018",5.17,5.62,5.65,5.1,1.15M,-7.69
"Dec 26, 2018",5.6,5.45,5.68,5.38,1.35M,2.89
"Dec 25, 2018",5.44,6.1,6.1,5.32,1.44M,-10.78
"Dec 24, 2018",6.1,5.96,6.47,5.93,2.06M,2.37
"Dec 23, 2018",5.96,5.83,6.13,5.77,1.88M,2.13
"Dec 22, 2018",5.83,5.47,5.88,5.39,1.77M,6.66
"Dec 21, 2018",5.47,5.66,5.78,5.32,1.59M,-3.38
"Dec 20, 2018",5.66,5.36,5.79,5.24,2.16M,5.65
"Dec 19, 2018",5.36,5.54,5.83,5.29,1.80M,-3.2
"Dec 18, 2018",5.54,5.05,5.54,4.91,1.91M,9.7
"Dec 17, 2018",5.05,4.62,5.12,4.6,1.51M,9.33
"Dec 16, 2018",4.62,4.55,4.7,4.51,1.07M,1.5
"Dec 15, 2018",4.55,4.52,4.6,4.45,969.29K,0.65
"Dec 14, 2018",4.52,4.64,4.75,4.43,946.23K,-2.58
"Dec 13, 2018",4.64,4.98,4.99,4.56,1.00M,-6.77
"Dec 12, 2018",4.98,4.88,5.14,4.74,1.20M,4.72
"Dec 11, 2018",4.75,4.63,4.87,4.5,1.18M,2.67
"Dec 10, 2018",4.63,4.77,4.94,4.49,928.56K,-2.9
"Dec 09, 2018",4.77,4.63,5,4.52,1.51M,3.01
"Dec 08, 2018",4.63,4.52,4.8,4.3,1.26M,2.45
"Dec 07, 2018",4.52,4.9,4.98,4.13,2.25M,-7.9
"Dec 06, 2018",4.9,6.06,6.1,4.9,3.03M,-19.08
"Dec 05, 2018",6.06,5.89,6.62,5.73,4.21M,2.83
"Dec 04, 2018",5.89,5.13,6.35,5.1,2.24M,14.89
"Dec 03, 2018",5.13,5.28,5.29,5.01,674.85K,-2.78
"Dec 02, 2018",5.28,5.28,5.43,5.2,852.86K,-0.14
"Dec 01, 2018",5.28,5.11,5.39,5.01,924.16K,3.17
"Nov 30, 2018",5.12,5.38,5.45,4.95,708.62K,-4.8
"Nov 29, 2018",5.38,5.35,5.63,5.14,1.02M,0.57
"Nov 28, 2018",5.35,4.99,5.46,4.99,1.14M,7.22
"Nov 27, 2018",4.99,5.04,5.04,4.71,702.11K,-1.05
"Nov 26, 2018",5.04,5.29,5.4,4.76,852.94K,-4.55
"Nov 25, 2018",5.28,5.2,5.37,4.54,1.00M,1.55
"Nov 24, 2018",5.2,5.65,5.8,4.79,919.71K,-7.99
"Nov 23, 2018",5.65,5.78,5.84,5.48,600.26K,-1.7
"Nov 22, 2018",5.75,6.29,6.37,5.75,627.77K,-8.57
"Nov 21, 2018",6.29,5.92,6.32,5.65,842.73K,5.86
"Nov 20, 2018",5.94,6.7,6.9,5.66,1.63M,-11.38
"Nov 19, 2018",6.7,8.08,8.09,6.67,1.05M,-17.05
"Nov 18, 2018",8.08,7.85,8.14,7.83,605.11K,2.97
"Nov 17, 2018",7.85,8.01,8.02,7.69,752.86K,-2
"Nov 16, 2018",8.01,8.38,8.38,7.86,902.84K,-4.37
"Nov 15, 2018",8.38,8.68,8.73,7.8,821.92K,-3.53
"Nov 14, 2018",8.68,9.39,9.42,8.34,671.74K,-7.57
"Nov 13, 2018",9.39,9.48,9.59,9.36,658.79K,-0.89
"Nov 12, 2018",9.48,9.54,9.59,9.33,724.75K,-0.75
"Nov 11, 2018",9.55,9.59,9.62,9.37,753.97K,-0.42
"Nov 10, 2018",9.59,9.62,9.68,9.57,782.36K,-0.27
"Nov 09, 2018",9.62,9.69,9.75,9.53,737.30K,-0.75
"Nov 08, 2018",9.69,9.89,9.92,9.66,797.78K,-2.04
"Nov 07, 2018",9.89,9.88,9.98,9.81,867.19K,0.25
"Nov 06, 2018",9.86,9.73,9.88,9.67,884.71K,1.35
"Nov 05, 2018",9.73,9.82,9.83,9.66,836.65K,-0.87
"Nov 04, 2018",9.82,9.59,9.9,9.5,934.58K,2.49
"Nov 03, 2018",9.58,9.65,9.71,9.49,814.17K,-0.71
"Nov 02, 2018",9.65,9.62,9.72,9.55,849.51K,0.3
"Nov 01, 2018",9.62,9.49,9.65,9.44,792.43K,1.36
"Oct 31, 2018",9.49,9.45,9.55,9.29,709.70K,0.63
"Oct 30, 2018",9.43,9.44,9.54,9.4,718.68K,-0.13
"Oct 29, 2018",9.44,9.7,9.73,9.38,786.96K,-2.63
"Oct 28, 2018",9.7,9.73,9.76,9.64,841.91K,-0.26
"Oct 27, 2018",9.73,9.83,9.83,9.7,851.50K,-1.06
"Oct 26, 2018",9.83,9.8,9.91,9.75,1.02M,0.3
"Oct 25, 2018",9.8,9.87,9.93,9.75,1.01M,-0.68
"Oct 24, 2018",9.87,9.92,9.99,9.86,1.04M,-0.54
"Oct 23, 2018",9.92,9.88,10.04,9.82,1.22M,0.41
"Oct 22, 2018",9.88,9.92,9.98,9.81,1.04M,-0.41
"Oct 21, 2018",9.92,9.91,10.02,9.87,1.20M,0
"Oct 20, 2018",9.92,9.9,10,9.82,1.16M,0.22
"Oct 19, 2018",9.9,9.92,9.98,9.83,1.11M,-0.22
"Oct 18, 2018",9.92,10.23,10.27,9.81,1.26M,-3.05
"Oct 17, 2018",10.23,10.27,10.35,10.1,1.40M,-0.35
"Oct 16, 2018",10.27,10.55,10.56,10.11,1.28M,-2.78
"Oct 15, 2018",10.56,9.59,10.98,9.52,2.34M,10.16
"Oct 14, 2018",9.59,9.68,9.78,9.53,963.46K,-0.95
"Oct 13, 2018",9.68,9.55,9.73,9.54,1.06M,1
"Oct 12, 2018",9.59,9.36,9.75,9.25,1.04M,2.51
"Oct 11, 2018",9.35,10.4,10.4,9.23,1.02M,-10.06
"Oct 10, 2018",10.4,10.42,10.44,10.25,1.03M,-0.25
"Oct 09, 2018",10.42,10.57,10.63,10.28,1.06M,-1.4
"Oct 08, 2018",10.57,10.59,10.69,10.5,1.24M,-0.14
"Oct 07, 2018",10.59,10.41,10.6,10.27,1.29M,1.7
"Oct 06, 2018",10.41,10.68,10.75,10.33,1.22M,-2.51
"Oct 05, 2018",10.68,10.3,10.77,10.23,1.63M,4.06
"Oct 04, 2018",10.26,10.28,10.44,10.21,1.40M,-0.22
"Oct 03, 2018",10.28,10.31,10.49,10.02,1.52M,-0.27
"Oct 02, 2018",10.31,9.98,10.68,9.86,1.65M,3.4
"Oct 01, 2018",9.97,10.02,10.08,9.85,949.17K,-0.51
"Sep 30, 2018",10.02,10.01,10.06,9.82,1.01M,0.22
"Sep 29, 2018",10,9.96,10.07,9.73,1.03M,0.4
"Sep 28, 2018",9.96,10.06,10.28,9.81,1.02M,-1.02
"Sep 27, 2018",10.06,9.71,10.1,9.64,1.10M,3.65
"Sep 26, 2018",9.71,9.82,9.94,9.55,665.88K,-1.16
"Sep 25, 2018",9.82,10.04,10.04,9.37,669.50K,-2.21
"Sep 24, 2018",10.04,10.29,10.36,9.91,716.92K,-2.41
"Sep 23, 2018",10.29,10.25,10.43,10.12,863.61K,0.37
"Sep 22, 2018",10.25,10.46,10.6,10.02,855.61K,-2
"Sep 21, 2018",10.46,10.01,10.48,9.95,1.44M,4.47
"Sep 20, 2018",10.01,9.61,10.08,9.58,1.12M,4.19
"Sep 19, 2018",9.61,9.52,9.79,9.23,981.11K,1
"Sep 18, 2018",9.52,9.36,9.65,9.22,892.23K,1.66
"Sep 17, 2018",9.36,9.94,10.03,9.26,862.34K,-5.82
"Sep 16, 2018",9.94,10.06,10.13,9.7,796.12K,-1.21
"Sep 15, 2018",10.06,9.9,10.22,9.88,1.11M,1.7
"Sep 14, 2018",9.89,9.56,10.09,9.5,1.07M,3.47
"Sep 13, 2018",9.56,9.21,9.71,9.2,1.02M,3.84
"Sep 12, 2018",9.21,9.36,9.48,9.01,719.29K,-1.67
"Sep 11, 2018",9.36,9.52,9.6,9.11,775.04K,-1.59
"Sep 10, 2018",9.52,9.51,9.74,9.29,411.19K,0.11
"Sep 09, 2018",9.51,9.52,9.76,9.15,575.56K,-0.18
"Sep 08, 2018",9.52,9.94,10.14,9.28,590.91K,-4.2
"Sep 07, 2018",9.94,10.29,10.3,9.65,545.66K,-3.36
"Sep 06, 2018",10.29,9.97,10.33,9.54,861.36K,3.22
"Sep 05, 2018",9.97,11.44,11.57,9.92,1.18M,-12.89
"Sep 04, 2018",11.44,11.31,11.45,11.22,632.54K,1.14
"Sep 03, 2018",11.31,11.37,11.46,11.1,640.54K,-0.2
"Sep 02, 2018",11.33,11.48,11.5,11.08,705.60K,-1.27
"Sep 01, 2018",11.48,10.99,11.57,10.97,1.05M,4.56
"Aug 31, 2018",10.98,10.77,10.99,10.56,823.12K,1.9
"Aug 30, 2018",10.77,11.17,11.19,10.35,754.61K,-3.51
"Aug 29, 2018",11.17,11.49,11.49,10.71,1.15M,-2.83
"Aug 28, 2018",11.49,11.17,11.53,10.77,1.55M,2.88
"Aug 27, 2018",11.17,10.22,11.31,10.1,1.52M,9.28
"Aug 26, 2018",10.22,10.1,10.25,9.73,744.03K,1.2
"Aug 25, 2018",10.1,10.2,10.28,9.94,680.30K,-1.03
"Aug 24, 2018",10.2,9.76,10.22,9.55,780.04K,4.55
"Aug 23, 2018",9.76,9.59,9.76,9.36,656.28K,2.57
"Aug 22, 2018",9.52,9.74,10.24,9.19,930.43K,-2.27
"Aug 21, 2018",9.74,9.64,9.84,9.36,467.53K,1
"Aug 20, 2018",9.64,10.14,10.21,9.56,675.69K,-4.92
"Aug 19, 2018",10.14,9.88,10.3,9.66,899.11K,2.64
"Aug 18, 2018",9.88,10.88,10.97,9.45,1.13M,-9.19
"Aug 17, 2018",10.88,9.78,10.88,9.71,1.34M,11.25
"Aug 16, 2018",9.78,9.54,9.99,9.35,1.01M,2.52
"Aug 15, 2018",9.54,9.4,10.63,9.34,2.06M,1.15
"Aug 14, 2018",9.43,10.26,10.28,8.54,1.78M,-8.07
"Aug 13, 2018",10.26,11.77,11.86,10.11,1.26M,-12.83
"Aug 12, 2018",11.77,11.67,11.84,11.36,827.24K,0.83
"Aug 11, 2018",11.67,12.15,12.15,11.31,951.81K,-3.95
"Aug 10, 2018",12.15,12.77,12.77,11.71,1.32M,-5
"Aug 09, 2018",12.79,12.15,12.86,12.04,1.40M,5.27
"Aug 08, 2018",12.15,13.15,13.15,11.96,1.48M,-7.6
"Aug 07, 2018",13.15,13.69,13.85,13.08,1.14M,-3.95
"Aug 06, 2018",13.69,13.64,13.96,13.47,1.40M,0.4
"Aug 05, 2018",13.64,13.85,13.9,13.24,1.18M,-1.55
"Aug 04, 2018",13.85,14.13,14.47,13.56,1.67M,-1.95
"Aug 03, 2018",14.13,14.16,14.16,13.55,1.72M,-0.25
"Aug 02, 2018",14.16,13.65,14.2,13.36,1.22M,3.75
"Aug 01, 2018",13.65,13.8,14.09,13.21,1.44M,-1.11
"Jul 31, 2018",13.8,13.17,14.08,13,1.91M,4.41
"Jul 30, 2018",13.22,13.95,13.97,13.01,1.21M,-5.27
"Jul 29, 2018",13.95,14.66,14.75,13.67,1.63M,-4.79
"Jul 28, 2018",14.66,13.99,14.88,13.72,2.19M,4.75
"Jul 27, 2018",13.99,13.34,14.08,13.04,1.87M,4.88
"Jul 26, 2018",13.34,13,13.62,12.93,2.05M,2.62
"Jul 25, 2018",13,12.16,13.51,12.12,2.39M,6.91
"Jul 24, 2018",12.16,12.03,12.29,11.64,1.47M,1.03
"Jul 23, 2018",12.03,12.14,12.39,11.9,846.36K,-0.9
"Jul 22, 2018",12.14,12.18,12.33,11.95,720.19K,-0.33
"Jul 21, 2018",12.18,12.08,12.49,11.85,962.91K,0.89
"Jul 20, 2018",12.08,12.96,13,11.82,1.50M,-6.8
"Jul 19, 2018",12.96,12.87,13.38,12.73,1.66M,0.71
"Jul 18, 2018",12.87,13.72,13.88,12.67,2.50M,-6.23
"Jul 17, 2018",13.72,13.38,13.9,12.83,2.44M,2.56
"Jul 16, 2018",13.38,12.3,13.42,12.18,1.69M,8.8
"Jul 15, 2018",12.3,12.09,12.4,11.97,974.98K,1.76
"Jul 14, 2018",12.09,12.19,12.28,11.93,705.87K,-0.82
"Jul 13, 2018",12.19,12.13,12.42,11.98,1.10M,0.55
"Jul 12, 2018",12.12,12.68,12.77,11.81,1.06M,-4.4
"Jul 11, 2018",12.68,12.77,12.82,12.17,1.67M,-0.75
"Jul 10, 2018",12.77,13.54,13.55,12.64,1.27M,-5.18
"Jul 09, 2018",13.47,14.01,14.04,13.47,1.07M,-3.67
"Jul 08, 2018",13.98,14.15,14.18,13.86,1.79M,-1.06
"Jul 07, 2018",14.13,13.44,14.28,13.31,2.50M,5.23
"Jul 06, 2018",13.43,13.76,13.81,13.15,960.65K,-2.4
"Jul 05, 2018",13.76,14.02,14.09,13.43,1.17M,-1.82
"Jul 04, 2018",14.02,14.15,14.25,13.85,1.08M,-0.93
"Jul 03, 2018",14.15,14.6,14.81,14.02,1.78M,-3.1
"Jul 02, 2018",14.6,14.39,14.75,14.02,1.90M,1.62
"Jul 01, 2018",14.37,14.67,14.74,14.1,1.21M,-2.5
"Jun 30, 2018",14.74,14.49,15.15,14.3,2.16M,1.59
"Jun 29, 2018",14.5,14.19,14.69,13.75,1.80M,2.62
"Jun 28, 2018",14.13,14.07,14.9,13.81,2.39M,0.38
"Jun 27, 2018",14.08,14.06,14.31,13.85,1.53M,0.16
"Jun 26, 2018",14.06,14.92,15.01,13.84,1.40M,-5.64
"Jun 25, 2018",14.9,14.42,15.15,13.76,2.27M,3.5
"Jun 24, 2018",14.39,15.58,15.72,13.36,3.87M,-7.58
"Jun 23, 2018",15.58,15.56,16.03,15.32,2.10M,0.09
"Jun 22, 2018",15.56,17.06,17.25,15.18,3.36M,-8.85
"Jun 21, 2018",17.07,16.08,17.38,15.88,3.56M,6.32
"Jun 20, 2018",16.06,16.74,16.85,15.61,1.95M,-4.07
"Jun 19, 2018",16.74,16.79,16.94,16.13,2.12M,-0.57
"Jun 18, 2018",16.84,16.6,17.17,16.16,2.85M,1.89
"Jun 17, 2018",16.52,15.76,17.19,15.71,3.24M,4.85
"Jun 16, 2018",15.76,14.92,15.96,14.85,2.45M,5.14
"Jun 15, 2018",14.99,14.88,15.63,14.63,2.57M,1.19
"Jun 14, 2018",14.81,14.56,15.2,14.06,2.69M,1.6
"Jun 13, 2018",14.58,15.2,15.8,13.71,3.15M,-4.46
"Jun 12, 2018",15.26,15.48,16.15,14.92,3.48M,-1.35
"Jun 11, 2018",15.47,14.17,15.48,13.71,2.47M,9.29
"Jun 10, 2018",14.15,16.02,16.02,13.4,2.58M,-11.7
"Jun 09, 2018",16.03,16.3,16.9,15.89,2.34M,-1.23
"Jun 08, 2018",16.23,16.32,16.65,15.75,2.53M,-0.15
"Jun 07, 2018",16.25,17.27,17.44,16.15,3.25M,-5.88
"Jun 06, 2018",17.27,15.6,17.4,15.32,3.87M,10.73
"Jun 05, 2018",15.6,14.26,15.7,14.15,2.61M,9.35
"Jun 04, 2018",14.26,14.7,14.73,13.62,1.58M,-2.85
"Jun 03, 2018",14.68,14.68,15.03,14.3,2.24M,0
"Jun 02, 2018",14.68,14.25,14.88,14,2.36M,3.01
"Jun 01, 2018",14.25,14.2,14.45,13.76,2.32M,0.25
"May 31, 2018",14.22,12.59,14.25,12.4,2.73M,12.66
"May 30, 2018",12.62,12.59,12.79,12.18,1.30M,0.08
"May 29, 2018",12.61,11.9,12.69,11.69,1.47M,6.01
"May 28, 2018",11.89,12.6,12.75,11.63,938.95K,-5.65
"May 27, 2018",12.6,12.79,12.8,12.29,1.07M,-0.99
"May 26, 2018",12.73,13.04,13.26,12.69,1.21M,-1.97
"May 25, 2018",12.99,13.04,13.38,12.58,1.32M,-0.3
"May 24, 2018",13.02,12.54,13.19,12.1,1.57M,4.47
"May 23, 2018",12.47,13.85,13.93,12.24,2.22M,-10.18
"May 22, 2018",13.88,14.67,14.84,13.71,2.36M,-5.4
"May 21, 2018",14.67,14.17,14.8,14.08,2.55M,3.57
"May 20, 2018",14.17,14.33,14.39,13.69,2.41M,-1.13
"May 19, 2018",14.33,15.11,15.65,13.95,3.39M,-5.16
"May 18, 2018",15.11,12.37,16.23,12.01,5.63M,22.18
"May 17, 2018",12.37,12.33,12.95,12.22,1.71M,0.61
"May 16, 2018",12.29,12.53,12.57,11.88,1.07M,-1.79
"May 15, 2018",12.51,12.88,13.33,12.47,1.29M,-2.41
"May 14, 2018",12.82,13.15,13.2,12.29,1.55M,-2.46
"May 13, 2018",13.15,13.03,13.57,12.65,1.88M,1.65
"May 12, 2018",12.93,12.98,13.18,12.15,1.28M,-0.05
"May 11, 2018",12.94,13.79,14.13,12.53,1.57M,-6.06
"May 10, 2018",13.78,14.65,15.04,13.75,1.66M,-5.94
"May 09, 2018",14.65,13.5,14.8,13.03,2.60M,8.5
"May 08, 2018",13.5,13.77,13.82,13.1,1.44M,-2.04
"May 07, 2018",13.78,14.01,14.05,12.93,1.53M,-1.66
"May 06, 2018",14.01,14.44,14.94,13.64,2.10M,-2.92
"May 05, 2018",14.43,14.36,14.57,14.21,1.88M,0.58
"May 04, 2018",14.35,14.64,14.73,14.25,1.88M,-1.98
"May 03, 2018",14.64,14.43,14.84,14.19,2.50M,1.49
"May 02, 2018",14.43,14.17,14.44,13.9,2.10M,1.89
"May 01, 2018",14.16,14.32,14.33,13.5,1.99M,-1.13
"Apr 30, 2018",14.32,15.05,15.15,14.05,2.06M,-5.02
"Apr 29, 2018",15.07,15.2,15.43,14.53,2.83M,-0.8
"Apr 28, 2018",15.2,14.29,15.36,14.18,3.78M,6.31
"Apr 27, 2018",14.29,14.63,14.78,14.13,2.89M,-2.3
"Apr 26, 2018",14.63,13.36,14.74,13.2,4.22M,9.49
"Apr 25, 2018",13.36,15.12,15.9,12.95,5.20M,-11.63
"Apr 24, 2018",15.12,13.64,15.67,13.62,4.77M,10.84
"Apr 23, 2018",13.64,12.87,13.86,12.82,4.45M,5.98
"Apr 22, 2018",12.87,13.35,13.4,12.8,2.56M,-3.55
"Apr 21, 2018",13.35,12.57,13.74,12.39,4.56M,6.15
"Apr 20, 2018",12.57,12.35,12.72,11.89,2.74M,1.81
"Apr 19, 2018",12.35,12.3,12.43,12.05,2.40M,0.45
"Apr 18, 2018",12.3,11.74,12.44,11.51,2.74M,4.68
"Apr 17, 2018",11.74,12.23,12.48,11.67,2.44M,-3.96
"Apr 16, 2018",12.23,13.1,13.1,12.01,2.71M,-6.63
"Apr 15, 2018",13.1,13.27,13.62,12.9,3.85M,-1.25
"Apr 14, 2018",13.27,13.52,13.88,12.93,3.52M,-1.69
"Apr 13, 2018",13.49,12.97,13.8,12.72,5.34M,4.03
"Apr 12, 2018",12.97,12.3,13.02,11.85,4.90M,5.46
"Apr 11, 2018",12.3,12.08,12.3,11.77,3.39M,1.79
"Apr 10, 2018",12.08,11.89,12.43,11.81,3.45M,1.69
"Apr 09, 2018",11.88,12.12,12.55,11.52,3.01M,-1.99
"Apr 08, 2018",12.12,12.5,12.52,12.11,3.09M,-3
"Apr 07, 2018",12.5,12.26,12.65,12.22,3.26M,1.97
"Apr 06, 2018",12.26,12.49,12.65,12.01,3.15M,-1.84
"Apr 05, 2018",12.49,12.21,12.64,12.1,4.29M,2.28
"Apr 04, 2018",12.21,13.31,13.45,12,5.11M,-8.23
"Apr 03, 2018",13.31,12.6,13.96,12.22,5.15M,5.6
"Apr 02, 2018",12.6,11.11,12.66,10.98,4.51M,13.51
"Apr 01, 2018",11.1,11.05,11.31,10.32,4.10M,0.5
"Mar 31, 2018",11.04,10.42,11.47,10.25,4.18M,6.46
"Mar 30, 2018",10.37,10.19,10.85,9.71,3.79M,1.86
"Mar 29, 2018",10.19,11.67,11.75,10.12,3.60M,-12.69
"Mar 28, 2018",11.67,11.53,12.23,11.32,3.22M,1.48
"Mar 27, 2018",11.5,11.97,12.22,10.83,4.08M,-3.98
"Mar 26, 2018",11.97,12.97,13.01,10.82,5.49M,-7.7
"Mar 25, 2018",12.97,13.17,14.25,12.49,6.18M,-1.54
"Mar 24, 2018",13.17,11.75,14.93,11.54,8.44M,11.75
"Mar 23, 2018",11.79,10.07,11.97,9.5,5.52M,17.04
"Mar 22, 2018",10.07,9.97,10.93,9.49,4.70M,1.32
"Mar 21, 2018",9.94,9.18,10.33,9.06,4.96M,8.28
"Mar 20, 2018",9.18,9.03,9.26,8.6,3.93M,1.93
"Mar 19, 2018",9.01,8.94,9.3,8.45,3.91M,0.75
"Mar 18, 2018",8.94,8.92,8.98,7.8,3.95M,0
"Mar 17, 2018",8.94,9.08,9.47,8.64,3.96M,-1.54
"Mar 16, 2018",9.08,9.12,9.38,8.56,4.04M,-0.44
"Mar 15, 2018",9.12,8.91,9.42,8.31,4.27M,2.31
"Mar 14, 2018",8.91,10.15,10.67,8.5,5.16M,-12.2
"Mar 13, 2018",10.15,8.03,10.97,7.83,7.22M,26.46
"Mar 12, 2018",8.03,8.25,8.5,7.68,2.53M,-2.88
"Mar 11, 2018",8.27,7.65,8.42,7.33,2.66M,8.06
"Mar 10, 2018",7.65,8.28,8.34,7.57,2.21M,-8.12
"Mar 09, 2018",8.33,8.26,8.33,7.07,1.95M,0.85
"Mar 08, 2018",8.26,9.01,9.14,8.02,1.88M,-8.39
"Mar 07, 2018",9.01,9.39,10.21,8.13,2.93M,-4.01
"Mar 06, 2018",9.39,10.09,10.13,9.11,940.57K,-6.98
"Mar 05, 2018",10.09,10.39,10.45,10.09,470.75K,-2.91
"Mar 04, 2018",10.39,10.24,10.4,9.86,592.20K,1.51
"Mar 03, 2018",10.24,10.23,10.46,10.12,635.35K,0.07
"Mar 02, 2018",10.23,10.5,10.56,10.11,710.33K,-2.52
"Mar 01, 2018",10.5,10.46,10.68,10.33,1.23M,0.38
"Feb 28, 2018",10.46,10.56,11.17,10.35,1.61M,-1.02
"Feb 27, 2018",10.56,9.92,11.11,9.79,2.38M,6.5
"Feb 26, 2018",9.92,9.34,10.1,9.09,1.27M,6.21
"Feb 25, 2018",9.34,9.09,9.47,8.9,885.07K,2.78
"Feb 24, 2018",9.09,9.69,9.84,8.7,1.36M,-6.32
"Feb 23, 2018",9.7,8.86,9.73,8.62,1.62M,9.48
"Feb 22, 2018",8.86,9.4,9.8,8.63,1.79M,-5.44
"Feb 21, 2018",9.37,9.89,10.2,9.05,2.28M,-5.26
"Feb 20, 2018",9.89,11.06,11.2,9.7,2.36M,-10.58
"Feb 19, 2018",11.06,10.64,11.19,10.54,1.34M,3.92
"Feb 18, 2018",10.64,11.68,11.68,10.58,2.18M,-8.75
"Feb 17, 2018",11.66,11.2,11.85,10.9,2.29M,4.14
"Feb 16, 2018",11.2,10.87,11.2,10.3,1.96M,3.07
"Feb 15, 2018",10.87,10.38,11.29,10.05,4.24M,4.89
"Feb 14, 2018",10.36,9.02,10.65,8.96,2.57M,15.18
"Feb 13, 2018",8.99,9.34,9.35,8.74,1.37M,-3.7
"Feb 12, 2018",9.34,8.67,9.43,8.67,1.91M,7.73
"Feb 11, 2018",8.67,9.24,9.39,8.03,3.02M,-6.17
"Feb 10, 2018",9.24,9.86,10.35,8.77,3.35M,11.6
"Feb 09, 2018",8.28,8.28,8.28,8.28,-,0
"Feb 08, 2018",8.28,8.11,8.38,8.04,4.41M,2.11
"Feb 07, 2018",8.11,8.26,9.23,7.32,4.41M,-1.66
"Feb 06, 2018",8.25,6.73,8.6,5.52,6.16M,23.07
"Feb 05, 2018",6.7,8.4,8.56,6.08,3.13M,-20.25
"Feb 04, 2018",8.4,9.73,9.75,8.04,2.02M,-13.87
"Feb 03, 2018",9.75,9.75,10.32,8.58,2.35M,0
"Feb 02, 2018",9.75,9.51,10.7,7.31,4.02M,2.47
"Feb 01, 2018",9.51,11.31,11.45,8.66,2.17M,-15.9
"Jan 31, 2018",11.31,11.47,11.5,10.55,947.12K,-1.41
"Jan 30, 2018",11.47,12.81,12.84,11.11,1.32M,-10.46
"Jan 29, 2018",12.81,13.77,13.87,12.74,857.95K,-6.96
"Jan 28, 2018",13.77,13.4,14.01,13.3,1.38M,2.79
"Jan 27, 2018",13.4,13.13,13.55,12.85,992.88K,1.75
"Jan 26, 2018",13.17,13.19,13.6,12.01,1.79M,-0.16
"Jan 25, 2018",13.19,13.8,14.15,13.01,1.43M,-4.18
"Jan 24, 2018",13.77,13.1,14.29,12.6,1.95M,5.07
"Jan 23, 2018",13.1,12.9,13.88,11.64,2.34M,1.57
"Jan 22, 2018",12.9,14.16,14.48,11.66,2.88M,-8.73
"Jan 21, 2018",14.13,16.2,16.26,13.05,3.32M,-12.24
"Jan 20, 2018",16.11,14.95,16.65,14.82,2.62M,7.88
"Jan 19, 2018",14.93,14.02,15.48,13.5,3.00M,5.59
"Jan 18, 2018",14.14,14.3,15.9,13.1,6.70M,0.25
"Jan 17, 2018",14.1,13.01,15.66,9.4,9.97M,8.5
"Jan 16, 2018",13,19.44,19.44,10,9.93M,-33.12
"Jan 15, 2018",19.44,20.42,23.23,19.05,2.29M,-4.96
"Jan 14, 2018",20.45,22.1,22.1,18.27,1.38M,-7.41
"Jan 13, 2018",22.09,22.37,23.5,21.1,1.08M,0.17
"Jan 12, 2018",22.05,20.72,24.64,19.28,2.92M,3.38
"Jan 11, 2018",21.33,17.5,23,13.9,3.54M,22.04
"Jan 10, 2018",17.48,17.4,17.56,14.6,1.13M,0.46
"Jan 09, 2018",17.4,18,20.61,16.43,1.26M,-3.33
"Jan 08, 2018",18,18.59,19.3,14,2.00M,-3.17
"Jan 07, 2018",18.59,22.6,22.66,18.05,1.38M,-17.74
"Jan 06, 2018",22.6,14.89,23.6,14.7,2.66M,51.88
"Jan 05, 2018",14.88,9.14,16.82,8.97,2.60M,62.8
"Jan 04, 2018",9.14,9.3,9.46,8.56,918.41K,-1.72
"Jan 03, 2018",9.3,8.72,9.47,8.27,926.41K,6.65
"Jan 02, 2018",8.72,8.45,9.11,8.09,1.23M,3.2
"Jan 01, 2018",8.45,8.53,8.7,7.8,642.51K,-0.94
"Dec 31, 2017",8.53,7.59,8.8,7.52,1.26M,12.38
"Dec 30, 2017",7.59,8.71,8.71,6.93,1.61M,-12.86
"Dec 29, 2017",8.71,9.25,9.8,8.39,1.37M,-5.84
"Dec 28, 2017",9.25,10.07,10.25,7.8,2.52M,-8.14
"Dec 27, 2017",10.07,9.25,11.3,8.26,2.73M,8.86
"Dec 26, 2017",9.25,6.46,10.79,6.35,2.97M,43.19
"Dec 25, 2017",6.46,5.18,6.88,5.03,1.44M,24.71
"Dec 24, 2017",5.18,4.4,5.2,3.8,1.03M,17.73
"Dec 23, 2017",4.4,4.29,5,4.17,945.70K,2.56
"Dec 22, 2017",4.29,5.16,5.2,3.25,1.57M,-16.86
"Dec 21, 2017",5.16,5.15,5.69,4.42,984.45K,0.19
"Dec 20, 2017",5.15,5.7,5.7,4.68,1.38M,-9.65
"Dec 19, 2017",5.7,6,6.46,5.27,1.74M,-5
"Dec 18, 2017",6,6,6.1,4.75,1.41M,0
"Dec 17, 2017",6,4.64,6.7,4.6,1.52M,29.31
"Dec 16, 2017",4.64,4.12,4.72,3.82,767.29K,12.62
"Dec 15, 2017",4.12,3.15,4.4,2.99,896.22K,30.79
"Dec 14, 2017",3.15,2.72,3.15,2.63,871.68K,15.81
"Dec 13, 2017",2.72,2.55,2.74,2.27,669.43K,6.67
"Dec 12, 2017",2.55,2.69,2.74,2.45,534.10K,-5.2
"Dec 11, 2017",2.69,2.46,2.78,2.45,378.45K,9.35
"Dec 10, 2017",2.46,2.65,2.66,2.13,548.97K,-7.17
"Dec 09, 2017",2.65,2.79,2.81,2.18,470.09K,-5.02
"Dec 08, 2017",2.79,2.66,2.8,2.21,641.80K,4.89
"Dec 07, 2017",2.66,2.51,2.84,2.4,520.77K,5.98
"Dec 06, 2017",2.51,2.61,2.8,2.33,369.57K,-3.83
"Dec 05, 2017",2.61,2.55,2.75,2.5,418.31K,2.35
"Dec 04, 2017",2.55,2.26,2.59,2.26,369.61K,12.83
"Dec 03, 2017",2.26,2.08,2.4,2.04,341.64K,8.65
"Dec 02, 2017",2.08,2.05,2.12,1.98,240.59K,1.46
"Dec 01, 2017",2.05,1.95,2.14,1.88,308.39K,5.13
"Nov 30, 2017",1.95,1.76,2.04,1.71,736.32K,10.8
"Nov 29, 2017",1.76,1.92,2.05,1.55,901.09K,-8.33
"Nov 28, 2017",1.92,1.95,1.95,1.8,357.69K,-1.54
"Nov 27, 2017",1.95,1.84,1.95,1.74,472.12K,5.98
"Nov 26, 2017",1.84,1.87,1.91,1.76,192.60K,-1.6
"Nov 25, 2017",1.87,1.73,1.96,1.68,462.64K,8.09
"Nov 24, 2017",1.73,1.57,1.82,1.54,631.81K,10.19
"Nov 23, 2017",1.57,1.62,1.62,1.54,178.86K,-3.09
"Nov 22, 2017",1.62,1.59,1.62,1.56,179.15K,1.89
"Nov 21, 2017",1.59,1.64,1.64,1.54,404.20K,-3.05
"Nov 20, 2017",1.64,1.6,1.65,1.56,158.70K,2.5
"Nov 19, 2017",1.6,1.67,1.69,1.58,172.57K,-4.19
"Nov 18, 2017",1.67,1.5,1.67,1.49,168.62K,11.33
"Nov 17, 2017",1.5,1.56,1.58,1.49,419.40K,-3.85
"Nov 16, 2017",1.56,1.55,1.67,1.51,193.73K,0.65
"Nov 15, 2017",1.55,1.59,1.68,1.49,291.61K,-2.52
"Nov 14, 2017",1.59,1.68,1.74,1.53,173.13K,-5.36
"Nov 13, 2017",1.68,1.49,1.74,1.49,166.01K,12.75
"Nov 12, 2017",1.49,1.66,1.7,1.34,456.48K,-10.24
"Nov 11, 2017",1.66,1.71,1.93,1.58,256.71K,-2.92
"Nov 10, 2017",1.71,1.99,2.02,1.6,483.23K,-14.07
"Nov 09, 2017",1.99,1.99,2.2,1.9,283.35K,0
