DATE,CBBTCUSD
2015-08-19,227.34
2015-08-20,235.56
2015-08-21,232.85
2015-08-22,231.15
2015-08-23,229.21
2015-08-24,211.16
2015-08-25,223.73
2015-08-26,226.81
2015-08-27,225.8
2015-08-28,231.55
2015-08-29,230.61
2015-08-30,229.39
2015-08-31,230.75
2015-09-01,228.22
2015-09-02,229.97
2015-09-03,227.25
2015-09-04,231.39
2015-09-05,236.01
2015-09-06,241.29
2015-09-07,241.31
2015-09-08,244.14
2015-09-09,238.75
2015-09-10,238.52
2015-09-11,240.9
2015-09-12,236.5
2015-09-13,230.82
2015-09-14,231.01
2015-09-15,230.6
2015-09-16,229.73
2015-09-17,233.34
2015-09-18,233.78
2015-09-19,232.88
2015-09-20,232.24
2015-09-21,227.31
2015-09-22,231.28
2015-09-23,230.26
2015-09-24,235.27
2015-09-25,235.89
2015-09-26,234.69
2015-09-27,233.58
2015-09-28,239.99
2015-09-29,236.89
2015-09-30,237.14
2015-10-01,238.34
2015-10-02,238.28
2015-10-03,239.92
2015-10-04,239.87
2015-10-05,240.95
2015-10-06,246.64
2015-10-07,244
2015-10-08,242.94
2015-10-09,244.35
2015-10-10,246.07
2015-10-11,249.02
2015-10-12,246.39
2015-10-13,250.99
2015-10-14,253.27
2015-10-15,254.99
2015-10-16,263.43
2015-10-17,272.87
2015-10-18,265
2015-10-19,265.17
2015-10-20,271.14
2015-10-21,268.77
2015-10-22,275.84
2015-10-23,278.76
2015-10-24,284.29
2015-10-25,284.97
2015-10-26,287.1
2015-10-27,295.61
2015-10-28,304.09
2015-10-29,316.08
2015-10-30,329.11
2015-10-31,314.85
2015-11-01,329.46
2015-11-02,365.21
2015-11-03,404.1
2015-11-04,410
2015-11-05,387.21
2015-11-06,374.09
2015-11-07,384.81
2015-11-08,373.83
2015-11-09,379.53
2015-11-10,337.14
2015-11-11,313.2
2015-11-12,336.49
2015-11-13,338.07
2015-11-14,334.71
2015-11-15,322.93
2015-11-16,332.89
2015-11-17,336.49
2015-11-18,335.49
2015-11-19,326.41
2015-11-20,322.39
2015-11-21,327
2015-11-22,323.71
2015-11-23,323
2015-11-24,321
2015-11-25,328.98
2015-11-26,352.57
2015-11-27,358.19
2015-11-28,357.24
2015-11-29,372.24
2015-11-30,376.86
2015-12-01,362.68
2015-12-02,360
2015-12-03,361.77
2015-12-04,363.98
2015-12-05,387.99
2015-12-06,387.55
2015-12-07,394.73
2015-12-08,418.94
2015-12-09,418.39
2015-12-10,415.68
2015-12-11,452.95
2015-12-12,436.87
2015-12-13,433.83
2015-12-14,444.01
2015-12-15,464.27
2015-12-16,453.97
2015-12-17,455.5
2015-12-18,463.17
2015-12-19,461.29
2015-12-20,442.22
2015-12-21,436.81
2015-12-22,433.92
2015-12-23,442.43
2015-12-24,455.74
2015-12-25,455.84
2015-12-26,419.41
2015-12-27,424.72
2015-12-28,421.94
2015-12-29,433.89
2015-12-30,427.95
2015-12-31,430.35
2016-01-01,435.66
2016-01-02,435.4
2016-01-03,431.91
2016-01-04,433.85
2016-01-05,433.34
2016-01-06,430.87
2016-01-07,459.07
2016-01-08,454.44
2016-01-09,450.38
2016-01-10,449.99
2016-01-11,449.19
2016-01-12,434.01
2016-01-13,432.77
2016-01-14,430.03
2016-01-15,357.53
2016-01-16,388.7
2016-01-17,378.46
2016-01-18,384.89
2016-01-19,375.27
2016-01-20,418.54
2016-01-21,409.38
2016-01-22,382.9
2016-01-23,387.5
2016-01-24,403.05
2016-01-25,391.4
2016-01-26,391.54
2016-01-27,394.79
2016-01-28,379.61
2016-01-29,378.68
2016-01-30,378.46
2016-01-31,367.95
2016-02-01,371.33
2016-02-02,372.93
2016-02-03,368.87
2016-02-04,387.99
2016-02-05,384.5
2016-02-06,375.44
2016-02-07,377.49
2016-02-08,371.14
2016-02-09,372.68
2016-02-10,378.44
2016-02-11,378.23
2016-02-12,382.05
2016-02-13,391
2016-02-14,406.59
2016-02-15,398.95
2016-02-16,407.42
2016-02-17,415.2
2016-02-18,421.19
2016-02-19,420.72
2016-02-20,437.46
2016-02-21,438.56
2016-02-22,437.55
2016-02-23,419.97
2016-02-24,423.94
2016-02-25,423.54
2016-02-26,430.85
2016-02-27,433.12
2016-02-28,433.73
2016-02-29,436.44
2016-03-01,433.08
2016-03-02,420.39
2016-03-03,418.8
2016-03-04,407.35
2016-03-05,396.08
2016-03-06,403.24
2016-03-07,412.21
2016-03-08,411.18
2016-03-09,412.8
2016-03-10,415.98
2016-03-11,419.39
2016-03-12,410.58
2016-03-13,412.52
2016-03-14,415.02
2016-03-15,415.41
2016-03-16,416.07
2016-03-17,418.41
2016-03-18,409.65
2016-03-19,410.2
2016-03-20,411.27
2016-03-21,412
2016-03-22,416.66
2016-03-23,417.53
2016-03-24,412.95
2016-03-25,416.41
2016-03-26,416.97
2016-03-27,425.3
2016-03-28,423
2016-03-29,416.39
2016-03-30,412.79
2016-03-31,416.03
2016-04-01,417.68
2016-04-02,419.95
2016-04-03,420.16
2016-04-04,419.47
2016-04-05,422.36
2016-04-06,421.46
2016-04-07,421.99
2016-04-08,419.48
2016-04-09,419.46
2016-04-10,423.4
2016-04-11,423.94
2016-04-12,427.8
2016-04-13,425.58
2016-04-14,426.32
2016-04-15,430.93
2016-04-16,433.39
2016-04-17,431
2016-04-18,430.97
2016-04-19,437.06
2016-04-20,442.96
2016-04-21,452.25
2016-04-22,448.41
2016-04-23,455.69
2016-04-24,464.46
2016-04-25,466.17
2016-04-26,470.59
2016-04-27,445.31
2016-04-28,451.68
2016-04-29,458.82
2016-04-30,454.02
2016-05-01,456.98
2016-05-02,446.42
2016-05-03,452.21
2016-05-04,448.68
2016-05-05,449.98
2016-05-06,462.31
2016-05-07,461.91
2016-05-08,462.79
2016-05-09,464.16
2016-05-10,452.78
2016-05-11,454.37
2016-05-12,456.48
2016-05-13,457.98
2016-05-14,458.9
2016-05-15,461.47
2016-05-16,455.66
2016-05-17,454.19
2016-05-18,455.56
2016-05-19,438.38
2016-05-20,445.65
2016-05-21,446.28
2016-05-22,442.48
2016-05-23,445.67
2016-05-24,446.99
2016-05-25,451.49
2016-05-26,454.97
2016-05-27,471.27
2016-05-28,523.25
2016-05-29,525.22
2016-05-30,532.55
2016-05-31,531.34
2016-06-01,534.84
2016-06-02,537.87
2016-06-03,571.25
2016-06-04,576.31
2016-06-05,575.17
2016-06-06,586.77
2016-06-07,579.71
2016-06-08,583.21
2016-06-09,577.46
2016-06-10,580.31
2016-06-11,609.5
2016-06-12,677.86
2016-06-13,706.01
2016-06-14,684.95
2016-06-15,698.78
2016-06-16,769.76
2016-06-17,752.26
2016-06-18,758.99
2016-06-19,768.76
2016-06-20,703.12
2016-06-21,667.66
2016-06-22,604.5
2016-06-23,631.1
2016-06-24,669.98
2016-06-25,673.71
2016-06-26,638.56
2016-06-27,657.87
2016-06-28,648.43
2016-06-29,639.42
2016-06-30,673.49
2016-07-01,678.19
2016-07-02,704.95
2016-07-03,663.55
2016-07-04,681.98
2016-07-05,669.87
2016-07-06,678.79
2016-07-07,641.97
2016-07-08,667.33
2016-07-09,657.61
2016-07-10,652.44
2016-07-11,650.97
2016-07-12,666.56
2016-07-13,655.34
2016-07-14,661.65
2016-07-15,667.48
2016-07-16,666.32
2016-07-17,680
2016-07-18,675.5
2016-07-19,673.98
2016-07-20,666.92
2016-07-21,667.28
2016-07-22,654.67
2016-07-23,657.5
2016-07-24,661
2016-07-25,657.79
2016-07-26,654.06
2016-07-27,657.35
2016-07-28,657.4
2016-07-29,657
2016-07-30,655.87
2016-07-31,626.97
2016-08-01,605.2
2016-08-02,537.47
2016-08-03,573.36
2016-08-04,587.5
2016-08-05,583
2016-08-06,591.71
2016-08-07,595.14
2016-08-08,591.48
2016-08-09,586.45
2016-08-10,594.94
2016-08-11,587.91
2016-08-12,587.74
2016-08-13,586.45
2016-08-14,574.99
2016-08-15,567.79
2016-08-16,579.02
2016-08-17,574.45
2016-08-18,574.09
2016-08-19,573.67
2016-08-20,581.87
2016-08-21,581.29
2016-08-22,585.2
2016-08-23,582.39
2016-08-24,578.47
2016-08-25,575.58
2016-08-26,579.29
2016-08-27,570.84
2016-08-28,575.41
2016-08-29,573.21
2016-08-30,574.95
2016-08-31,572.89
2016-09-01,573.02
2016-09-02,576.21
2016-09-03,600.91
2016-09-04,611.92
2016-09-05,605.69
2016-09-06,612.99
2016-09-07,615.21
2016-09-08,627.97
2016-09-09,622.07
2016-09-10,623.74
2016-09-11,607.94
2016-09-12,606.74
2016-09-13,608.63
2016-09-14,608.43
2016-09-15,605.44
2016-09-16,607.93
2016-09-17,607.92
2016-09-18,611.4
2016-09-19,608.6
2016-09-20,605.6
2016-09-21,597
2016-09-22,596.21
2016-09-23,602.96
2016-09-24,603.68
2016-09-25,601.67
2016-09-26,607.08
2016-09-27,605.71
2016-09-28,605.04
2016-09-29,605.99
2016-09-30,608.99
2016-10-01,615.65
2016-10-02,612.4
2016-10-03,612.99
2016-10-04,610.34
2016-10-05,613.16
2016-10-06,611.88
2016-10-07,617.98
2016-10-08,619.5
2016-10-09,617.42
2016-10-10,618.72
2016-10-11,642.12
2016-10-12,635.79
2016-10-13,635.66
2016-10-14,638.03
2016-10-15,638.16
2016-10-16,641.92
2016-10-17,639.56
2016-10-18,635.11
2016-10-19,629.79
2016-10-20,628.05
2016-10-21,630.83
2016-10-22,652.75
2016-10-23,651.04
2016-10-24,649.98
2016-10-25,654.3
2016-10-26,674
2016-10-27,691.21
2016-10-28,689.95
2016-10-29,714.28
2016-10-30,697.41
2016-10-31,696.9
2016-11-01,730.7
2016-11-02,744.6
2016-11-03,690
2016-11-04,706.32
2016-11-05,706.99
2016-11-06,717.02
2016-11-07,706.42
2016-11-08,711.15
2016-11-09,720.97
2016-11-10,712.91
2016-11-11,716.9
2016-11-12,704.53
2016-11-13,704.01
2016-11-14,708.32
2016-11-15,712.29
2016-11-16,739.85
2016-11-17,730.71
2016-11-18,748.54
2016-11-19,750.77
2016-11-20,731.99
2016-11-21,736.4
2016-11-22,746.66
2016-11-23,741.52
2016-11-24,737.99
2016-11-25,739.74
2016-11-26,735.7
2016-11-27,729.24
2016-11-28,729.77
2016-11-29,732.37
2016-11-30,742.69
2016-12-01,754
2016-12-02,769.25
2016-12-03,766.98
2016-12-04,767.99
2016-12-05,752
2016-12-06,759.8
2016-12-07,764.34
2016-12-08,767.89
2016-12-09,773.22
2016-12-10,775.87
2016-12-11,771.05
2016-12-12,778.94
2016-12-13,776.18
2016-12-14,777.66
2016-12-15,776.16
2016-12-16,780.98
2016-12-17,788.57
2016-12-18,790.72
2016-12-19,790.81
2016-12-20,798.99
2016-12-21,834.5
2016-12-22,856.02
2016-12-23,917.26
2016-12-24,891.5
2016-12-25,896.12
2016-12-26,902.09
2016-12-27,925.2
2016-12-28,982.17
2016-12-29,970.72
2016-12-30,960.81
2016-12-31,973.37
2017-01-01,992.95
2017-01-02,1011.45
2017-01-03,1020.67
2017-01-04,1130.3
2017-01-05,1007
2017-01-06,895.71
2017-01-07,909
2017-01-08,923.33
2017-01-09,902.66
2017-01-10,907
2017-01-11,795.77
2017-01-12,812.25
2017-01-13,831.42
2017-01-14,828
2017-01-15,833.31
2017-01-16,834.41
2017-01-17,906
2017-01-18,887.99
2017-01-19,902.92
2017-01-20,894.31
2017-01-21,925.06
2017-01-22,931.22
2017-01-23,910.7
2017-01-24,887
2017-01-25,896
2017-01-26,917.02
2017-01-27,922.63
2017-01-28,924.98
2017-01-29,916.54
2017-01-30,923.23
2017-01-31,970.01
2017-02-01,992.75
2017-02-02,1008.38
2017-02-03,1018
2017-02-04,1035.54
2017-02-05,1016.32
2017-02-06,1022.58
2017-02-07,1053.96
2017-02-08,1056.7
2017-02-09,994.24
2017-02-10,1001.99
2017-02-11,1018.65
2017-02-12,1010
2017-02-13,1002.82
2017-02-14,1013.92
2017-02-15,1014.53
2017-02-16,1038.94
2017-02-17,1057.3
2017-02-18,1062.15
2017-02-19,1059.88
2017-02-20,1089.82
2017-02-21,1128.29
2017-02-22,1128.71
2017-02-23,1186.9
2017-02-24,1186.91
2017-02-25,1158
2017-02-26,1184.91
2017-02-27,1195.81
2017-02-28,1195.08
2017-03-01,1230
2017-03-02,1269.17
2017-03-03,1292.86
2017-03-04,1273.97
2017-03-05,1278.98
2017-03-06,1284.99
2017-03-07,1237.36
2017-03-08,1150.22
2017-03-09,1197.3
2017-03-10,1109.01
2017-03-11,1188.11
2017-03-12,1235.58
2017-03-13,1245.49
2017-03-14,1247.42
2017-03-15,1263
2017-03-16,1175.11
2017-03-17,1069.57
2017-03-18,970
2017-03-19,1019.49
2017-03-20,1044.96
2017-03-21,1114.42
2017-03-22,1034.57
2017-03-23,1025.14
2017-03-24,934.87
2017-03-25,963.72
2017-03-26,973.08
2017-03-27,1042.08
2017-03-28,1045.4
2017-03-29,1043.27
2017-03-30,1042.34
2017-03-31,1088.99
2017-04-01,1092
2017-04-02,1113.99
2017-04-03,1152.6
2017-04-04,1143.99
2017-04-05,1132.99
2017-04-06,1192.3
2017-04-07,1194
2017-04-08,1184.5
2017-04-09,1210.97
2017-04-10,1210
2017-04-11,1223.99
2017-04-12,1214.17
2017-04-13,1177.05
2017-04-14,1173.74
2017-04-15,1178.85
2017-04-16,1177.99
2017-04-17,1189.91
2017-04-18,1201.94
2017-04-19,1214.21
2017-04-20,1236.15
2017-04-21,1249.99
2017-04-22,1247
2017-04-23,1251.98
2017-04-24,1257.29
2017-04-25,1281.16
2017-04-26,1298.44
2017-04-27,1349.26
2017-04-28,1353.34
2017-04-29,1365.43
2017-04-30,1384.55
2017-05-01,1436.5
2017-05-02,1471.99
2017-05-03,1533
2017-05-04,1563.39
2017-05-05,1551.3
2017-05-06,1585.39
2017-05-07,1609.57
2017-05-08,1713
2017-05-09,1720.43
2017-05-10,1794.99
2017-05-11,1837.93
2017-05-12,1695.61
2017-05-13,1792.73
2017-05-14,1799.99
2017-05-15,1747.81
2017-05-16,1777.48
2017-05-17,1813.23
2017-05-18,1899.16
2017-05-19,1976.23
2017-05-20,2058.91
2017-05-21,2057
2017-05-22,2123.29
2017-05-23,2272.75
2017-05-24,2432.97
2017-05-25,2355
2017-05-26,2272.7
2017-05-27,2099.99
2017-05-28,2232.78
2017-05-29,2279.48
2017-05-30,2191.58
2017-05-31,2303.29
2017-06-01,2419.99
2017-06-02,2478.99
2017-06-03,2548.05
2017-06-04,2521.36
2017-06-05,2698
2017-06-06,2871.29
2017-06-07,2685.64
2017-06-08,2799.73
2017-06-09,2811.39
2017-06-10,2931.15
2017-06-11,2998.98
2017-06-12,2655.71
2017-06-13,2709.01
2017-06-14,2432.21
2017-06-15,2409.98
2017-06-16,2480.43
2017-06-17,2634.94
2017-06-18,2515.25
2017-06-19,2596.98
2017-06-20,2725.08
2017-06-21,2643.35
2017-06-22,2679.99
2017-06-23,2690.76
2017-06-24,2574.84
2017-06-25,2505.61
2017-06-26,2407.91
2017-06-27,2575.75
2017-06-28,2553.12
2017-06-29,2530
2017-06-30,2455.19
2017-07-01,2423.63
2017-07-02,2516.66
2017-07-03,2542.41
2017-07-04,2602
2017-07-05,2616.96
2017-07-06,2604.84
2017-07-07,2501.15
2017-07-08,2561.11
2017-07-09,2508.99
2017-07-10,2331.05
2017-07-11,2310.01
2017-07-12,2383.42
2017-07-13,2340
2017-07-14,2217.24
2017-07-15,1964.31
2017-07-16,1911.78
2017-07-17,2235.19
2017-07-18,2308.15
2017-07-19,2258.99
2017-07-20,2873.48
2017-07-21,2657.45
2017-07-22,2825.27
2017-07-23,2754.28
2017-07-24,2762.26
2017-07-25,2564
2017-07-26,2525.99
2017-07-27,2664.99
2017-07-28,2786.07
2017-07-29,2700.21
2017-07-30,2723.99
2017-07-31,2856.88
2017-08-01,2732.59
2017-08-02,2699.9
2017-08-03,2787.02
2017-08-04,2857.34
2017-08-05,3243.49
2017-08-06,3222.22
2017-08-07,3398.23
2017-08-08,3422.43
2017-08-09,3342.8
2017-08-10,3444.98
2017-08-11,3656.15
2017-08-12,3874
2017-08-13,4060.47
2017-08-14,4320.6
2017-08-15,4159.93
2017-08-16,4370.01
2017-08-17,4280.01
2017-08-18,4101.72
2017-08-19,4157.41
2017-08-20,4050.99
2017-08-21,4002
2017-08-22,4092
2017-08-23,4143.49
2017-08-24,4312.03
2017-08-25,4360
2017-08-26,4344.32
2017-08-27,4340.11
2017-08-28,4384.99
2017-08-29,4599
2017-08-30,4581.98
2017-08-31,4743.94
2017-09-01,4947.99
2017-09-02,4649.99
2017-09-03,4626.05
2017-09-04,4498.25
2017-09-05,4432.51
2017-09-06,4616.18
2017-09-07,4624.18
2017-09-08,4350
2017-09-09,4334.36
2017-09-10,4251.36
2017-09-11,4210.72
2017-09-12,4164.52
2017-09-13,3855.32
2017-09-14,3250.4
2017-09-15,3740.02
2017-09-16,3726.51
2017-09-17,3719.97
2017-09-18,4100
2017-09-19,3910.11
2017-09-20,3872.06
2017-09-21,3617.47
2017-09-22,3619.01
2017-09-23,3787.33
2017-09-24,3669.01
2017-09-25,3919.78
2017-09-26,3885.09
2017-09-27,4200
2017-09-28,4189.42
2017-09-29,4156.99
2017-09-30,4339
2017-10-01,4394.81
2017-10-02,4392.71
2017-10-03,4307.99
2017-10-04,4214.84
2017-10-05,4320.04
2017-10-06,4362.99
2017-10-07,4425
2017-10-08,4603.49
2017-10-09,4769.55
2017-10-10,4750
2017-10-11,4814.99
2017-10-12,5440
2017-10-13,5624.8
2017-10-14,5819.13
2017-10-15,5693.7
2017-10-16,5754.9
2017-10-17,5594
2017-10-18,5574.44
2017-10-19,5704.01
2017-10-20,5989.1
2017-10-21,6024.86
2017-10-22,6005.05
2017-10-23,5905.99
2017-10-24,5525.43
2017-10-25,5739.97
2017-10-26,5891.61
2017-10-27,5780
2017-10-28,5752.01
2017-10-29,6140.01
2017-10-30,6124.16
2017-10-31,6445.01
2017-11-01,6783.69
2017-11-02,7039.98
2017-11-03,7170.01
2017-11-04,7412.55
2017-11-05,7392
2017-11-06,6969.76
2017-11-07,7126.63
2017-11-08,7467.96
2017-11-09,7156
2017-11-10,6577.62
2017-11-11,6346.7
2017-11-12,5886.35
2017-11-13,6535.87
2017-11-14,6605
2017-11-15,7294
2017-11-16,7838.53
2017-11-17,7714.71
2017-11-18,7777.01
2017-11-19,8031.82
2017-11-20,8256.01
2017-11-21,8109
2017-11-22,8250
2017-11-23,8031.16
2017-11-24,8215.01
2017-11-25,8795.5
2017-11-26,9401.11
2017-11-27,9768.71
2017-11-28,9949
2017-11-29,9935.98
2017-11-30,9903
2017-12-01,10869.84
2017-12-02,10930.24
2017-12-03,11290
2017-12-04,11643.98
2017-12-05,11718.35
2017-12-06,14090
2017-12-07,17390.01
2017-12-08,16367.03
2017-12-09,15309.98
2017-12-10,15290.01
2017-12-11,16885.76
2017-12-12,17730.12
2017-12-13,16689.61
2017-12-14,16749.78
2017-12-15,17738.67
2017-12-16,19650.01
2017-12-17,19378.99
2017-12-18,19039.01
2017-12-19,17838.73
2017-12-20,16496.89
2017-12-21,15758.8
2017-12-22,14210.57
2017-12-23,15075.89
2017-12-24,14221.94
2017-12-25,14171.98
2017-12-26,15790.88
2017-12-27,15367.08
2017-12-28,14450.01
2017-12-29,14565.05
2017-12-30,12839.99
2017-12-31,13863.13
2018-01-01,13480.01
2018-01-02,14781.51
2018-01-03,15098.14
2018-01-04,15144.99
2018-01-05,16960.01
2018-01-06,17098.99
2018-01-07,16174.22
2018-01-08,14993.74
2018-01-09,14480.99
2018-01-10,14875.18
2018-01-11,13308.06
2018-01-12,13820
2018-01-13,14187.95
2018-01-14,13656.23
2018-01-15,13590
2018-01-16,11570.01
2018-01-17,11200.01
2018-01-18,11305.53
2018-01-19,11498.99
2018-01-20,12762.8
2018-01-21,11518.17
2018-01-22,10766.7
2018-01-23,10824.94
2018-01-24,11356.79
2018-01-25,11118
2018-01-26,11086.89
2018-01-27,11319
2018-01-28,11536
2018-01-29,11123.01
2018-01-30,9995
2018-01-31,10099.99
2018-02-01,9014.23
2018-02-02,8787.52
2018-02-03,9240
2018-02-04,8167.91
2018-02-05,6905.19
2018-02-06,7688.46
2018-02-07,7575.75
2018-02-08,8218.1
2018-02-09,8671.01
2018-02-10,8547.49
2018-02-11,8072.99
2018-02-12,8872.28
2018-02-13,8520.01
2018-02-14,9472.98
2018-02-15,10031.23
2018-02-16,10167.49
2018-02-17,11121.5
2018-02-18,10380.04
2018-02-19,11140
2018-02-20,11235.57
2018-02-21,10454.27
2018-02-22,9830
2018-02-23,10144.99
2018-02-24,9688.62
2018-02-25,9597.99
2018-02-26,10300
2018-02-27,10566.57
2018-02-28,10307.27
2018-03-01,10895.92
2018-03-02,11000
2018-03-03,11432.5
2018-03-04,11469.9
2018-03-05,11377.54
2018-03-06,10700
2018-03-07,9920
2018-03-08,9304.9
2018-03-09,9255
2018-03-10,8795.44
2018-03-11,9533.88
2018-03-12,9120
2018-03-13,9145.41
2018-03-14,8207.03
2018-03-15,8259.99
2018-03-16,8275
2018-03-17,7865.02
2018-03-18,8192
2018-03-19,8589
2018-03-20,8900
2018-03-21,8891.81
2018-03-22,8715.09
2018-03-23,8927.1
2018-03-24,8531.34
2018-03-25,8453
2018-03-26,8145
2018-03-27,7793.61
2018-03-28,7942.72
2018-03-29,7079.99
2018-03-30,6848.01
2018-03-31,6928.5
2018-04-01,6816.01
2018-04-02,7045.01
2018-04-03,7424.9
2018-04-04,6791.68
2018-04-05,6785.85
2018-04-06,6619.01
2018-04-07,6894.01
2018-04-08,7020.01
2018-04-09,6771.13
2018-04-10,6824.99
2018-04-11,6942.99
2018-04-12,7916
2018-04-13,7893.19
2018-04-14,8003.11
2018-04-15,8355.25
2018-04-16,8048.93
2018-04-17,7892.1
2018-04-18,8152.05
2018-04-19,8274
2018-04-20,8866.27
2018-04-21,8915.42
2018-04-22,8795.01
2018-04-23,8931.3
2018-04-24,9650
2018-04-25,8865.98
2018-04-26,9272.11
2018-04-27,8922.55
2018-04-28,9329.99
2018-04-29,9389.01
2018-04-30,9243.82
2018-05-01,9072.29
2018-05-02,9190.48
2018-05-03,9725.74
2018-05-04,9685
2018-05-05,9800
2018-05-06,9600
2018-05-07,9356.25
2018-05-08,9177.81
2018-05-09,9300.08
2018-05-10,9010.51
2018-05-11,8403.33
2018-05-12,8475
2018-05-13,8686.1
2018-05-14,8670
2018-05-15,8477.46
2018-05-16,8344
2018-05-17,8059
2018-05-18,8238.51
2018-05-19,8235.6
2018-05-20,8516.86
2018-05-21,8393.44
2018-05-22,7987.7
2018-05-23,7505
2018-05-24,7584.15
2018-05-25,7459.11
2018-05-26,7337.95
2018-05-27,7346.64
2018-05-28,7107.94
2018-05-29,7460
2018-05-30,7380.01
2018-05-31,7485
2018-06-01,7514.32
2018-06-02,7636.42
2018-06-03,7706.37
2018-06-04,7487.37
2018-06-05,7612.51
2018-06-06,7655
2018-06-07,7684.93
2018-06-08,7618.83
2018-06-09,7496.4
2018-06-10,6770.31
2018-06-11,6881
2018-06-12,6544.99
2018-06-13,6302.32
2018-06-14,6638.49
2018-06-15,6391.22
2018-06-16,6484.29
2018-06-17,6447.16
2018-06-18,6709.02
2018-06-19,6736.41
2018-06-20,6756.1
2018-06-21,6719.01
2018-06-22,6059.82
2018-06-23,6178.29
2018-06-24,6149.99
2018-06-25,6246.01
2018-06-26,6074.0
2018-06-27,6132.17
2018-06-28,5851.66
2018-06-29,6202.36
2018-06-30,6383.19
2018-07-01,6349.5
2018-07-02,6611.79
2018-07-03,6502.62
2018-07-04,6587.47
2018-07-05,6532.95
2018-07-06,6600.0
2018-07-07,6753.28
2018-07-08,6701.97
2018-07-09,6664.01
2018-07-10,6303.7
2018-07-11,6390.04
2018-07-12,6249.75
2018-07-13,6216.29
2018-07-14,6248.65
2018-07-15,6348.73
2018-07-16,6728.81
2018-07-17,7315.01
2018-07-18,7378.99
2018-07-19,7470.01
2018-07-20,7334.46
2018-07-21,7408.0
2018-07-22,7397.8
2018-07-23,7720.09
2018-07-24,8385.5
2018-07-25,8157.15
2018-07-26,7931.99
2018-07-27,8184.21
2018-07-28,8228.9
2018-07-29,8216.34
2018-07-30,8170.01
2018-07-31,7727.27
2018-08-01,7603.99
2018-08-02,7533.92
2018-08-03,7414.08
2018-08-04,7005.0
2018-08-05,7030.01
2018-08-06,6938.0
2018-08-07,6718.22
2018-08-08,6282.5
2018-08-09,6546.45
2018-08-10,6146.01
2018-08-11,6235.56
2018-08-12,6316.01
2018-08-13,6253.67
2018-08-14,6195.01
2018-08-15,6269.01
2018-08-16,6315.9
2018-08-17,6585.49
2018-08-18,6396.64
2018-08-19,6489.53
2018-08-20,6258.74
2018-08-21,6475.89
2018-08-22,6359.99
2018-08-23,6526.36
2018-08-24,6690.88
2018-08-25,6737.52
2018-08-26,6709.98
2018-08-27,6911.9
2018-08-28,7071.01
2018-08-29,7030.9
2018-08-30,6983.0
2018-08-31,7015.01
2018-09-01,7191.08
2018-09-02,7295.0
2018-09-03,7256.98
2018-09-04,7360.0
2018-09-05,6687.96
2018-09-06,6495.0
2018-09-07,6395.01
2018-09-08,6188.0
2018-09-09,6235.01
2018-09-10,6300.0
2018-09-11,6282.53
2018-09-12,6326.0
2018-09-13,6485.99
2018-09-14,6478.04
2018-09-15,6518.68
2018-09-16,6498.0
2018-09-17,6250.7
2018-09-18,6335.7
2018-09-19,6386.94
2018-09-20,6493.11
2018-09-21,6750.0
2018-09-22,6707.33
2018-09-23,6696.99
2018-09-24,6582.09
2018-09-25,6436.89
2018-09-26,6455.66
2018-09-27,6680.01
2018-09-28,6620.01
2018-09-29,6581.0
2018-09-30,6605.0
2018-10-01,6572.83
2018-10-02,6498.46
2018-10-03,6466.03
2018-10-04,6547.45
2018-10-05,6593.94
2018-10-06,6552.43
2018-10-07,6570.0
2018-10-08,6608.07
2018-10-09,6589.48
2018-10-10,6524.56
2018-10-11,6154.69
2018-10-12,6188.01
2018-10-13,6196.0
2018-10-14,6183.49
2018-10-15,6440.42
2018-10-16,6457.11
2018-10-17,6443.7
2018-10-18,6394.96
2018-10-19,6382.99
2018-10-20,6414.0
2018-10-21,6415.88
2018-10-22,6407.65
2018-10-23,6395.14
2018-10-24,6415.98
2018-10-25,6395.58
2018-10-26,6404.87
2018-10-27,6409.12
2018-10-28,6403.62
2018-10-29,6266.0
2018-10-30,6267.63
2018-10-31,6304.18
2018-11-01,6344.0
2018-11-02,6349.8
2018-11-03,6331.96
2018-11-04,6423.28
2018-11-05,6404.0
2018-11-06,6448.5
2018-11-07,6503.12
2018-11-08,6406.24
2018-11-09,6334.89
2018-11-10,6347.42
2018-11-11,6357.6
2018-11-12,6327.87
2018-11-13,6259.34
2018-11-14,5605.46
2018-11-15,5579.52
2018-11-16,5512.24
2018-11-17,5504.17
2018-11-18,5560.0
2018-11-19,4733.5
2018-11-20,4349.23
2018-11-21,4545.11
2018-11-22,4265.36
2018-11-23,4283.8
2018-11-24,3774.99
2018-11-25,3936.69
2018-11-26,3731.32
2018-11-27,3775.0
2018-11-28,4225.03
2018-11-29,4248.0
2018-11-30,3976.0
2018-12-01,4142.01
2018-12-02,4103.19
2018-12-03,3833.47
2018-12-04,3901.84
2018-12-05,3694.39
2018-12-06,3433.26
2018-12-07,3380.01
2018-12-08,3401.0
2018-12-09,3531.18
2018-12-10,3410.15
2018-12-11,3349.36
2018-12-12,3430.24
2018-12-13,3265.0
2018-12-14,3195.71
2018-12-15,3183.0
2018-12-16,3195.0
2018-12-17,3496.82
2018-12-18,3667.77
2018-12-19,3682.51
2018-12-20,4075.34
2018-12-21,3839.06
2018-12-22,3980.46
2018-12-23,3944.93
2018-12-24,4034.0
2018-12-25,3780.0
2018-12-26,3809.88
2018-12-27,3589.89
2018-12-28,3888.06
2018-12-29,3729.31
2018-12-30,3829.0
2018-12-31,3691.86
2019-01-01,3826.1
2019-01-02,3890.79
2019-01-03,3787.57
2019-01-04,3820.25
2019-01-05,3798.62
2019-01-06,4040.99
2019-01-07,4006.01
2019-01-08,3993.86
2019-01-09,4004.12
2019-01-10,3626.12
2019-01-11,3635.69
2019-01-12,3619.41
2019-01-13,3514.24
2019-01-14,3664.19
2019-01-15,3580.76
2019-01-16,3609.71
2019-01-17,3640.65
2019-01-18,3607.85
2019-01-19,3682.65
2019-01-20,3536.19
2019-01-21,3531.76
2019-01-22,3577.03
2019-01-23,3553.01
2019-01-24,3568.97
2019-01-25,3562.17
2019-01-26,3556.07
2019-01-27,3531.02
2019-01-28,3429.95
2019-01-29,3397.42
2019-01-30,3437.55
2019-01-31,3411.5
2019-02-01,3437.5
2019-02-02,3468.43
2019-02-03,3414.78
2019-02-04,3409.57
2019-02-05,3428.4
2019-02-06,3367.36
2019-02-07,3359.0
2019-02-08,3621.99
2019-02-09,3623.73
2019-02-10,3648.84
2019-02-11,3590.36
2019-02-12,3588.06
2019-02-13,3576.68
2019-02-14,3561.5
2019-02-15,3566.59
2019-02-16,3582.37
2019-02-17,3625.08
2019-02-18,3867.0
2019-02-19,3888.01
2019-02-20,3938.99
2019-02-21,3897.71
2019-02-22,3942.02
2019-02-23,4110.0
2019-02-24,3734.22
2019-02-25,3818.79
2019-02-26,3799.48
2019-02-27,3799.91
2019-02-28,3792.14
2019-03-01,3806.17
2019-03-02,3809.7
2019-03-03,3786.93
2019-03-04,3700.72
2019-03-05,3844.59
2019-03-06,3851.89
2019-03-07,3857.05
2019-03-08,3843.12
2019-03-09,3917.0
2019-03-10,3900.93
2019-03-11,3849.68
2019-03-12,3860.0
2019-03-13,3851.02
2019-03-14,3853.95
2019-03-15,3902.8
2019-03-16,3990.0
2019-03-17,3967.01
2019-03-18,3970.5
2019-03-19,4000.85
2019-03-20,4031.85
2019-03-21,3972.76
2019-03-22,3983.78
2019-03-23,3983.43
2019-03-24,3969.52
2019-03-25,3907.53
2019-03-26,3921.45
2019-03-27,4026.53
2019-03-28,4011.17
2019-03-29,4091.01
2019-03-30,4094.14
2019-03-31,4094.99
2019-04-01,4137.0
2019-04-02,4901.93
2019-04-03,4975.97
2019-04-04,4906.49
2019-04-05,5040.66
2019-04-06,5049.22
2019-04-07,5194.79
2019-04-08,5285.54
2019-04-09,5187.21
2019-04-10,5318.58
2019-04-11,5041.3
2019-04-12,5078.19
2019-04-13,5066.22
2019-04-14,5164.27
2019-04-15,5029.99
2019-04-16,5202.9
2019-04-17,5227.0
2019-04-18,5280.49
2019-04-19,5290.36
2019-04-20,5319.89
2019-04-21,5297.64
2019-04-22,5387.6
2019-04-23,5532.75
2019-04-24,5441.9
2019-04-25,5134.81
2019-04-26,5159.51
2019-04-27,5170.6
2019-04-28,5155.0
2019-04-29,5148.25
2019-04-30,5270.69
2019-05-01,5321.15
2019-05-02,5390.01
2019-05-03,5657.4
2019-05-04,5770.01
2019-05-05,5715.86
2019-05-06,5687.9
2019-05-07,5748.45
2019-05-08,5948.41
2019-05-09,6153.09
2019-05-10,6343.14
2019-05-11,7219.95
2019-05-12,6979.76
2019-05-13,7824.93
2019-05-14,7990.92
2019-05-15,8203.32
2019-05-16,7878.96
2019-05-17,7363.69
2019-05-18,7262.4
2019-05-19,8200.0
2019-05-20,7999.54
2019-05-21,7951.7
2019-05-22,7626.48
2019-05-23,7881.98
2019-05-24,7994.88
2019-05-25,8067.41
2019-05-26,8760.03
2019-05-27,8783.25
2019-05-28,8686.5
2019-05-29,8660.5
2019-05-30,8273.57
2019-05-31,8550.18
2019-06-01,8558.01
2019-06-02,8741.17
2019-06-03,8015.01
2019-06-04,7688.26
2019-06-05,7766.91
2019-06-06,7812.15
2019-06-07,7992.17
2019-06-08,7938.64
2019-06-09,7623.84
2019-06-10,8046.13
2019-06-11,7918.2
2019-06-12,8169.01
2019-06-13,8256.0
2019-06-14,8693.98
2019-06-15,8861.33
2019-06-16,8996.95
2019-06-17,9346.47
2019-06-18,9089.99
2019-06-19,9283.99
2019-06-20,9542.6
2019-06-21,10175.88
2019-06-22,10658.3
2019-06-23,10808.53
2019-06-24,11040.03
2019-06-25,11736.99
2019-06-26,12902.52
2019-06-27,11127.4
2019-06-28,12317.73
2019-06-29,11913.73
2019-06-30,10778.74
2019-07-01,10570.62
2019-07-02,10885.01
2019-07-03,12022.61
2019-07-04,11130.95
2019-07-05,11038.61
2019-07-06,11187.8
2019-07-07,11478.9
2019-07-08,12298.31
2019-07-09,12559.46
2019-07-10,12083.13
2019-07-11,11323.95
2019-07-12,11811.99
2019-07-13,11408.1
2019-07-14,10190.36
2019-07-15,10855.56
2019-07-16,9436.0
2019-07-17,9708.55
2019-07-18,10654.25
2019-07-19,10548.04
2019-07-20,10754.92
2019-07-21,10633.54
2019-07-22,10304.64
2019-07-23,9833.19
2019-07-24,9751.24
2019-07-25,9880.67
2019-07-26,9841.96
2019-07-27,9468.92
2019-07-28,9549.7
2019-07-29,9503.32
2019-07-30,9580.0
2019-07-31,10099.0
2019-08-01,10417.24
2019-08-02,10533.07
2019-08-03,10820.75
2019-08-04,10997.82
2019-08-05,11775.14
2019-08-06,11440.08
2019-08-07,12014.41
2019-08-08,12017.89
2019-08-09,11889.0
2019-08-10,11283.82
2019-08-11,11531.95
2019-08-12,11387.38
2019-08-13,10855.58
2019-08-14,10105.34
2019-08-15,10280.96
2019-08-16,10368.83
2019-08-17,10218.37
2019-08-18,10309.04
2019-08-19,10935.67
2019-08-20,10770.99
2019-08-21,10137.75
2019-08-22,10088.89
2019-08-23,10415.01
2019-08-24,10156.0
2019-08-25,10148.5
2019-08-26,10373.75
2019-08-27,10170.16
2019-08-28,9710.38
2019-08-29,9525.0
2019-08-30,9580.6
2019-08-31,9593.95
2019-09-01,9769.64
2019-09-02,10405.05
2019-09-03,10628.46
2019-09-04,10585.67
2019-09-05,10574.27
2019-09-06,10318.8
2019-09-07,10484.87
2019-09-08,10395.17
2019-09-09,10310.01
2019-09-10,10090.01
2019-09-11,10169.49
2019-09-12,10437.19
2019-09-13,10381.91
2019-09-14,10360.2
2019-09-15,10306.65
2019-09-16,10268.77
2019-09-17,10185.14
2019-09-18,10155.26
2019-09-19,10304.94
2019-09-20,10168.44
2019-09-21,9982.39
2019-09-22,10035.0
2019-09-23,9683.89
2019-09-24,8556.43
2019-09-25,8446.57
2019-09-26,8063.0
2019-09-27,8193.98
2019-09-28,8228.22
2019-09-29,8063.06
2019-09-30,8305.14
2019-10-01,8323.43
2019-10-02,8396.0
2019-10-03,8241.25
2019-10-04,8159.71
2019-10-05,8152.99
2019-10-06,7862.67
2019-10-07,8224.82
2019-10-08,8186.73
2019-10-09,8600.0
2019-10-10,8589.01
2019-10-11,8263.64
2019-10-12,8304.1
2019-10-13,8280.01
2019-10-14,8363.0
2019-10-15,8156.52
2019-10-16,7993.0
2019-10-17,8077.0
2019-10-18,7954.16
2019-10-19,7965.27
2019-10-20,8235.44
2019-10-21,8214.58
2019-10-22,8008.04
2019-10-23,7473.42
2019-10-24,7439.29
2019-10-25,8704.85
2019-10-26,9281.27
2019-10-27,9570.58
2019-10-28,9221.96
2019-10-29,9431.27
2019-10-30,9175.77
2019-10-31,9146.75
2019-11-01,9268.0
2019-11-02,9320.0
2019-11-03,9215.01
2019-11-04,9414.0
2019-11-05,9314.99
2019-11-06,9343.11
2019-11-07,9196.71
2019-11-08,8758.69
2019-11-09,8798.38
2019-11-10,9036.82
2019-11-11,8720.61
2019-11-12,8823.65
2019-11-13,8765.61
2019-11-14,8630.01
2019-11-15,8460.0
2019-11-16,8488.0
2019-11-17,8500.01
2019-11-18,8160.73
2019-11-19,8123.36
2019-11-20,8082.96
2019-11-21,7618.76
2019-11-22,7296.45
2019-11-23,7338.92
2019-11-24,6906.25
2019-11-25,7125.0
2019-11-26,7155.0
2019-11-27,7539.4
2019-11-28,7413.05
2019-11-29,7751.29
2019-11-30,7551.7
2019-12-01,7413.84
2019-12-02,7315.09
2019-12-03,7296.0
2019-12-04,7185.57
2019-12-05,7388.75
2019-12-06,7560.76
2019-12-07,7502.2
2019-12-08,7520.0
2019-12-09,7332.69
2019-12-10,7215.69
2019-12-11,7275.17
2019-12-12,7194.19
2019-12-13,7249.25
2019-12-14,7059.55
2019-12-15,7111.0
2019-12-16,6877.04
2019-12-17,6618.62
2019-12-18,7309.12
2019-12-19,7153.99
2019-12-20,7189.87
2019-12-21,7143.01
2019-12-22,7550.0
2019-12-23,7318.18
2019-12-24,7259.87
2019-12-25,7194.76
2019-12-26,7195.0
2019-12-27,7247.35
2019-12-28,7303.7
2019-12-29,7378.53
2019-12-30,7191.0
2019-12-31,7158.01
2020-01-01,7174.32
2020-01-02,6945.01
2020-01-03,7335.54
2020-01-04,7353.5
2020-01-05,7348.69
2020-01-06,7773.48
2020-01-07,8169.95
2020-01-08,8035.08
2020-01-09,7813.78
2020-01-10,8183.89
2020-01-11,8002.89
2020-01-12,8192.66
2020-01-13,8109.62
2020-01-14,8757.18
2020-01-15,8831.86
2020-01-16,8727.22
2020-01-17,8875.81
2020-01-18,8901.0
2020-01-19,8710.41
2020-01-20,8633.67
2020-01-21,8730.0
2020-01-22,8665.0
2020-01-23,8386.63
2020-01-24,8424.96
2020-01-25,8304.04
2020-01-26,8632.92
2020-01-27,8903.24
2020-01-28,9417.64
2020-01-29,9270.0
2020-01-30,9493.61
2020-01-31,9343.28
2020-02-01,9375.06
2020-02-02,9314.06
2020-02-03,9282.29
2020-02-04,9158.57
2020-02-05,9623.44
2020-02-06,9765.96
2020-02-07,9804.98
2020-02-08,9911.13
2020-02-09,10174.81
2020-02-10,9854.5
2020-02-11,10279.99
2020-02-12,10344.01
2020-02-13,10239.57
2020-02-14,10380.0
2020-02-15,9901.34
2020-02-16,9915.04
2020-02-17,9711.95
2020-02-18,10191.51
2020-02-19,9591.54
2020-02-20,9610.05
2020-02-21,9697.01
2020-02-22,9668.26
2020-02-23,9964.16
2020-02-24,9668.08
2020-02-25,9301.01
2020-02-26,8776.01
2020-02-27,8816.71
2020-02-28,8713.16
2020-02-29,8552.08
2020-03-01,8490.3
2020-03-02,8923.52
2020-03-03,8769.67
2020-03-04,8765.0
2020-03-05,9053.56
2020-03-06,9162.98
2020-03-07,8885.68
2020-03-08,8068.0
2020-03-09,7945.03
2020-03-10,7887.01
2020-03-11,7957.02
2020-03-12,4980.0
2020-03-13,5592.77
2020-03-14,5182.62
2020-03-15,5327.12
2020-03-16,5074.2
2020-03-17,5361.77
2020-03-18,5426.71
2020-03-19,6219.99
2020-03-20,6215.4
2020-03-21,6168.72
2020-03-22,5791.69
2020-03-23,6583.38
2020-03-24,6742.21
2020-03-25,6752.83
2020-03-26,6772.2
2020-03-27,6320.46
2020-03-28,6269.81
2020-03-29,5897.55
2020-03-30,6401.26
2020-03-31,6434.73
2020-04-01,6719.39
2020-04-02,6789.84
2020-04-03,6727.99
2020-04-04,6896.6
2020-04-05,6779.75
2020-04-06,7320.07
2020-04-07,7204.58
2020-04-08,7343.65
2020-04-09,7294.69
2020-04-10,6892.54
2020-04-11,6891.43
2020-04-12,6860.97
2020-04-13,6871.0
2020-04-14,6865.72
2020-04-15,6576.76
2020-04-16,7123.29
2020-04-17,7055.22
2020-04-18,7271.53
2020-04-19,7125.31
2020-04-20,6832.57
2020-04-21,6845.0
2020-04-22,7143.99
2020-04-23,7479.06
2020-04-24,7514.64
2020-04-25,7535.69
2020-04-26,7765.79
2020-04-27,7773.0
2020-04-28,7774.39
2020-04-29,8789.1
2020-04-30,8652.3
2020-05-01,8813.9
2020-05-02,8992.0
2020-05-03,8917.63
2020-05-04,8900.29
2020-05-05,9037.69
2020-05-06,9132.24
2020-05-07,10007.56
2020-05-08,9790.23
2020-05-09,9554.91
2020-05-10,8773.89
2020-05-11,8557.37
2020-05-12,8809.14
2020-05-13,9335.84
2020-05-14,9815.22
2020-05-15,9331.18
2020-05-16,9353.26
2020-05-17,9700.33
2020-05-18,9733.21
2020-05-19,9783.91
2020-05-20,9497.76
2020-05-21,9039.12
2020-05-22,9173.23
2020-05-23,9166.02
2020-05-24,8673.64
2020-05-25,8892.39
2020-05-26,8836.77
2020-05-27,9200.0
2020-05-28,9593.72
2020-05-29,9426.87
2020-05-30,9684.6
2020-05-31,9435.8
2020-06-01,10212.38
2020-06-02,9509.35
2020-06-03,9672.67
2020-06-04,9799.57
2020-06-05,9568.95
2020-06-06,9665.36
2020-06-07,9764.0
2020-06-08,9833.94
2020-06-09,9778.6
2020-06-10,9899.18
2020-06-11,9258.7
2020-06-12,9466.77
2020-06-13,9477.17
2020-06-14,9315.71
2020-06-15,9437.23
2020-06-16,9534.8
2020-06-17,9460.53
2020-06-18,9368.15
2020-06-19,9285.54
2020-06-20,9361.81
2020-06-21,9279.68
2020-06-22,9700.91
2020-06-23,9623.74
2020-06-24,9284.1
2020-06-25,9232.84
2020-06-26,9157.22
2020-06-27,9001.24
2020-06-28,9122.56
2020-06-29,9191.05
2020-06-30,9129.47
2020-07-01,9239.09
2020-07-02,9088.54
2020-07-03,9050.05
2020-07-04,9138.22
2020-07-05,9088.52
2020-07-06,9331.69
2020-07-07,9263.56
2020-07-08,9436.01
2020-07-09,9230.48
2020-07-10,9298.16
2020-07-11,9235.0
2020-07-12,9313.77
2020-07-13,9230.14
2020-07-14,9258.34
2020-07-15,9194.51
2020-07-16,9130.91
2020-07-17,9147.65
2020-07-18,9174.6
2020-07-19,9221.71
2020-07-20,9161.13
2020-07-21,9396.65
2020-07-22,9546.31
2020-07-23,9612.05
2020-07-24,9553.41
2020-07-25,9709.02
2020-07-26,9944.58
2020-07-27,11108.44
2020-07-28,10952.85
2020-07-29,11100.39
2020-07-30,11139.67
2020-07-31,11372.76
2020-08-01,11805.82
2020-08-02,11050.03
2020-08-03,11235.44
2020-08-04,11198.04
2020-08-05,11737.59
2020-08-06,11766.62
2020-08-07,11598.96
2020-08-08,11780.14
2020-08-09,11692.76
2020-08-10,11896.19
2020-08-11,11387.01
2020-08-12,11563.16
2020-08-13,11824.99
2020-08-14,11785.29
2020-08-15,11854.27
2020-08-16,11924.0
2020-08-17,12325.1
2020-08-18,11983.52
2020-08-19,11764.8
