Date,Open,High,Low,Close,Volume,Market Cap
2020-12-12,11.66,12.33,11.64,12.21,855257539.0,4841047357.0
2020-12-11,11.92,11.94,11.45,11.66,1028197389.0,4623343452.0
2020-12-10,12.63,12.65,11.88,11.92,911441756.0,4715343817.0
2020-12-09,12.14,12.79,11.63,12.63,1305647086.0,4996626296.0
2020-12-08,13.08,13.18,12.03,12.15,1057784369.0,4803745890.0
2020-12-07,13.49,13.52,12.91,13.08,894451650.0,5173640423.0
2020-12-06,13.17,13.52,12.81,13.49,1019945503.0,5336371894.0
2020-12-05,12.74,13.33,12.59,13.17,1048597571.0,5210062237.0
2020-12-04,13.97,14.03,12.61,12.74,1281415263.0,5039284343.0
2020-12-03,13.99,14.19,13.67,13.97,1118049762.0,5513160959.0
2020-12-02,13.39,14.13,13.14,13.99,1369209189.0,5518149574.0
2020-12-01,14.23,14.8,13.25,13.39,1850007077.0,5282299530.0
2020-11-30,13.37,14.38,13.37,14.23,1808384178.0,5612150333.0
2020-11-29,13.08,13.4,12.87,13.37,1244611322.0,5275744093.0
2020-11-28,12.49,13.41,12.39,13.08,1408628665.0,5159532581.0
2020-11-27,12.59,12.95,12.04,12.49,1705568925.0,4927526434.0
2020-11-26,14.26,14.45,11.36,12.58,3181022660.0,4948525351.0
2020-11-25,15.62,15.77,13.93,14.26,1779310502.0,5611825849.0
2020-11-24,15.27,16.25,15.01,15.62,2650363423.0,6146880911.0
2020-11-23,14.44,15.37,14.25,15.27,2108675136.0,6009223002.0
2020-11-22,15.36,15.62,13.91,14.44,2199639008.0,5684167331.0
2020-11-21,14.08,15.4,13.77,15.36,2190837254.0,6042706777.0
2020-11-20,13.62,14.4,13.51,14.08,1733532246.0,5539935066.0
2020-11-19,13.59,13.97,13.07,13.62,1523595574.0,5346718844.0
2020-11-18,13.24,14.2,12.92,13.59,2364966937.0,5335380994.0
2020-11-17,12.8,13.31,12.55,13.24,1527160119.0,5198675836.0
2020-11-16,12.12,12.79,12.03,12.59,1052161971.0,4942005574.0
2020-11-15,12.58,12.63,11.84,12.12,967748061.0,4757927484.0
2020-11-14,12.89,12.91,12.39,12.58,997198275.0,4936577002.0
2020-11-13,12.42,12.99,12.34,12.89,1306004087.0,5045766668.0
2020-11-12,12.81,13.08,12.31,12.42,1400960180.0,4863810509.0
2020-11-11,13.0,13.39,12.79,12.81,1517819145.0,5014273699.0
2020-11-10,12.52,13.24,12.35,13.0,1724813657.0,5090980020.0
2020-11-09,12.66,12.95,12.11,12.52,1644324040.0,4901987590.0
2020-11-08,11.76,13.0,11.53,12.66,1647580702.0,4954958453.0
2020-11-07,12.12,13.38,11.54,11.76,2566987251.0,4603065620.0
2020-11-06,10.99,12.21,10.92,12.12,1475069579.0,4744341015.0
2020-11-05,10.47,11.2,10.11,10.99,1360783363.0,4291961277.0
2020-11-04,10.39,10.63,9.8,10.47,1678488769.0,4089645472.0
2020-11-03,10.8,10.8,10.13,10.39,1696479711.0,4056223428.0
2020-11-02,11.54,11.64,10.79,10.8,1527825758.0,4216557628.0
2020-11-01,11.22,11.57,11.04,11.54,1319631443.0,4505164094.0
2020-10-31,11.1,11.38,10.94,11.22,1447587815.0,4381844695.0
2020-10-30,11.27,11.42,10.79,11.1,1653652915.0,4334092396.0
2020-10-29,11.46,11.77,11.12,11.27,1476177870.0,4387880069.0
2020-10-28,11.97,12.12,11.2,11.46,1236406880.0,4464458198.0
2020-10-27,11.75,12.43,11.54,11.97,1345673430.0,4663923833.0
2020-10-26,12.16,12.43,11.35,11.75,1465017714.0,4575920268.0
2020-10-25,12.73,12.84,12.01,12.16,1292633532.0,4724299098.0
2020-10-24,12.16,12.92,11.99,12.73,1474195506.0,4946328238.0
2020-10-23,11.96,12.24,11.61,12.16,1480801396.0,4725750536.0
2020-10-22,10.79,12.32,10.74,11.94,1543967732.0,4638545711.0
2020-10-21,9.88,11.06,9.87,10.8,1238425755.0,4197693182.0
2020-10-20,10.88,10.9,9.86,9.88,1241598369.0,3837927712.0
2020-10-19,10.89,11.13,10.64,10.89,910617050.0,4229424991.0
2020-10-18,10.64,10.95,10.57,10.88,762577602.0,4227260785.0
2020-10-17,10.61,10.71,10.46,10.65,735511418.0,4138607215.0
2020-10-16,10.75,10.86,10.32,10.62,1066918482.0,4125796634.0
2020-10-15,10.92,10.92,10.52,10.74,1148852514.0,3758213257.0
2020-10-14,10.99,11.29,10.65,10.95,1280567851.0,3832188117.0
2020-10-13,11.43,11.53,10.72,11.0,1460104539.0,3848406730.0
2020-10-12,10.84,11.75,10.71,11.45,1864848583.0,4008518102.0
2020-10-11,10.52,10.97,10.21,10.85,1339565194.0,3796592355.0
2020-10-10,10.39,10.81,10.39,10.52,1370779935.0,3683677566.0
2020-10-09,9.52,10.47,9.37,10.35,1678061807.0,3621415789.0
2020-10-08,8.99,9.62,8.51,9.51,1444612730.0,3328086360.0
2020-10-07,8.78,9.01,8.47,8.96,1011459545.0,3135247607.0
2020-10-06,9.63,9.63,8.68,8.78,1107581245.0,3072745063.0
2020-10-05,9.41,9.7,9.32,9.62,1114063226.0,3368295929.0
2020-10-04,9.31,9.45,9.18,9.4,733335838.0,3291718471.0
2020-10-03,9.22,9.53,9.15,9.3,740099523.0,3256572643.0
2020-10-02,9.64,9.77,8.87,9.22,1575691671.0,3228646739.0
2020-10-01,9.87,10.37,9.45,9.65,1426296389.0,3377466762.0
2020-09-30,10.13,10.13,9.63,9.85,1235486778.0,3447923597.0
2020-09-29,10.3,10.35,9.5,10.12,1656880792.0,3540255427.0
2020-09-28,10.78,11.0,10.3,10.33,1421267282.0,3616745328.0
2020-09-27,10.33,10.94,10.0,10.77,1452956505.0,3769177911.0
2020-09-26,10.72,11.0,10.07,10.34,1705834656.0,3619580604.0
2020-09-25,9.85,11.12,9.47,10.71,2342555820.0,3748977402.0
2020-09-24,7.67,10.35,7.56,9.82,2513427425.0,3436116830.0
2020-09-23,8.74,8.8,7.5,7.7,1571651694.0,2695790565.0
2020-09-22,8.75,9.08,8.67,8.76,959332861.0,3067464620.0
2020-09-21,9.76,9.9,8.62,8.76,1586349748.0,3065979266.0
2020-09-20,10.14,10.58,9.6,9.77,951116672.0,3418842857.0
2020-09-19,10.07,10.49,9.96,10.15,873109762.0,3551547041.0
2020-09-18,10.99,11.15,9.9,10.08,1114418785.0,3528574725.0
2020-09-17,10.76,11.61,10.54,10.99,1259649199.0,3846108077.0
2020-09-16,10.98,11.29,10.57,10.76,1153746184.0,3766635594.0
2020-09-15,12.11,12.21,10.83,10.98,1195560378.0,3842353946.0
2020-09-14,11.97,12.43,11.73,12.12,1249919309.0,4241852740.0
2020-09-13,12.77,13.18,11.85,11.99,3644243871.0,4197741154.0
2020-09-12,12.5,12.77,12.12,12.77,3524744647.0,4469160914.0
2020-09-11,12.55,12.72,12.06,12.5,3397578038.0,4375523796.0
2020-09-10,12.38,13.2,12.3,12.55,4019748249.0,4392959562.0
2020-09-09,11.79,12.62,11.51,12.38,1212963346.0,4332052448.0
2020-09-08,12.44,12.72,11.27,11.79,1393552853.0,4124761105.0
2020-09-07,12.89,13.19,11.42,12.43,1891052112.0,4349302010.0
2020-09-06,10.61,13.17,9.94,12.91,1953997882.0,4519805324.0
2020-09-05,12.51,12.77,9.52,10.61,1906501660.0,3714015162.0
2020-09-04,12.01,12.92,11.27,12.49,1796655505.0,4372503210.0
2020-09-03,14.96,14.98,11.68,12.02,1702199859.0,4205837225.0
2020-09-02,16.12,16.39,14.27,14.9,1440207730.0,5214088927.0
2020-09-01,15.67,16.48,15.34,16.12,1602445973.0,5642522358.0
2020-08-31,16.5,16.92,15.71,15.71,1431004361.0,5497970696.0
2020-08-30,16.53,17.66,16.44,16.47,1833942061.0,5765537479.0
2020-08-29,15.17,16.91,15.02,16.57,1982820767.0,5798477339.0
2020-08-28,14.5,15.44,14.31,15.16,975535521.0,5304621210.0
2020-08-27,15.23,15.49,14.15,14.5,1285283437.0,5074198792.0
2020-08-26,14.23,15.59,14.15,15.25,1323937547.0,5338114257.0
2020-08-25,15.13,15.44,13.76,14.22,1396339667.0,4975883859.0
2020-08-24,15.16,15.81,14.79,15.18,1148602183.0,5314175857.0
2020-08-23,15.91,15.96,14.8,15.17,1286304278.0,5311136484.0
2020-08-22,13.83,16.24,13.83,15.96,1966563137.0,5586067185.0
2020-08-21,16.09,16.11,13.17,13.8,2545002567.0,4830299525.0
2020-08-20,16.22,16.73,15.85,16.09,1441868241.0,5631954095.0
2020-08-19,16.21,17.19,15.11,16.24,2269980597.0,5683994454.0
2020-08-18,16.78,17.66,15.18,16.24,3107415351.0,5684481093.0
2020-08-17,18.8,19.6,16.42,16.71,1851120442.0,5846940697.0
2020-08-16,19.11,19.85,18.68,18.8,1672318397.0,6581464920.0
2020-08-15,16.92,19.58,16.62,19.1,2623596923.0,6684562685.0
2020-08-14,17.35,17.79,16.49,16.93,1797902764.0,5924251352.0
2020-08-13,16.64,18.43,16.21,17.33,3691726917.0,6064100838.0
2020-08-12,13.1,16.75,12.68,16.62,2657494080.0,5817540005.0
2020-08-11,13.46,13.5,12.34,13.11,1621590153.0,4587096666.0
2020-08-10,13.84,13.94,12.88,13.44,1965617198.0,4704362412.0
2020-08-09,12.71,14.36,12.13,13.85,2749237741.0,4848621841.0
2020-08-08,10.08,13.7,9.99,12.69,2483258217.0,4441222522.0
2020-08-07,10.15,10.19,9.4,10.06,1084341900.0,3522177678.0
2020-08-06,9.55,10.17,9.5,10.14,930966731.0,3549089112.0
2020-08-05,9.83,9.85,9.42,9.56,961098081.0,3345570941.0
2020-08-04,9.16,9.93,9.1,9.82,1400412714.0,3437642666.0
2020-08-03,8.27,9.2,8.18,9.16,944680773.0,3207665484.0
2020-08-02,8.31,8.68,7.47,8.27,1281614849.0,2895121578.0
2020-08-01,7.77,8.39,7.65,8.3,757545560.0,2906560598.0
2020-07-31,7.41,7.84,7.41,7.77,674556974.0,2720519335.0
2020-07-30,7.11,7.56,7.05,7.42,605829268.0,2595947041.0
2020-07-29,7.22,7.47,7.03,7.12,577077884.0,2490629028.0
2020-07-28,7.09,7.39,6.92,7.22,592707771.0,2528211158.0
2020-07-27,7.49,7.49,6.58,7.1,921616285.0,2483454084.0
2020-07-26,7.66,7.9,7.33,7.5,693139972.0,2624651695.0
2020-07-25,7.44,7.77,7.41,7.66,567102975.0,2680238239.0
2020-07-24,7.87,7.9,7.41,7.43,560444025.0,2601253469.0
2020-07-23,7.47,8.04,7.42,7.87,726843306.0,2756067002.0
2020-07-22,7.28,7.59,7.09,7.47,641161938.0,2613441300.0
2020-07-21,7.26,7.64,7.06,7.28,685213978.0,2548551887.0
2020-07-20,8.07,8.11,7.24,7.27,674658006.0,2545543980.0
2020-07-19,7.96,8.17,7.81,8.07,555719580.0,2822816495.0
2020-07-18,8.27,8.27,7.79,7.96,733281755.0,2785747920.0
2020-07-17,8.35,8.55,8.22,8.28,688997844.0,2898137543.0
2020-07-16,8.64,8.8,8.05,8.34,1096087198.0,2918197199.0
2020-07-15,8.1,8.74,7.86,8.64,1162846199.0,3025092976.0
2020-07-14,7.17,8.25,7.04,8.1,1180730236.0,2836212758.0
2020-07-13,7.31,8.33,6.93,7.18,1478593081.0,2513801898.0
2020-07-12,6.11,7.32,6.11,7.31,949141174.0,2558214204.0
2020-07-11,6.14,6.24,6.0,6.12,434708823.0,2141890413.0
2020-07-10,6.1,6.18,5.75,6.14,594988189.0,2148466257.0
2020-07-09,6.48,6.48,5.8,6.1,726623133.0,2136508737.0
2020-07-08,5.71,6.51,5.63,6.48,942253863.0,2266503703.0
2020-07-07,5.36,5.86,5.32,5.71,743372951.0,1999485843.0
2020-07-06,4.74,5.39,4.74,5.37,579868604.0,1877768637.0
2020-07-05,4.81,4.84,4.65,4.74,319512653.0,1659759415.0
2020-07-04,4.74,4.85,4.72,4.8,312019710.0,1681595211.0
2020-07-03,4.85,4.91,4.73,4.74,348151084.0,1660458365.0
2020-07-02,4.71,4.91,4.67,4.85,429438118.0,1696316156.0
2020-07-01,4.57,4.74,4.53,4.7,320994716.0,1644389580.0
2020-06-30,4.61,4.67,4.55,4.57,287882848.0,1599216096.0
2020-06-29,4.57,4.65,4.45,4.62,321184231.0,1616275366.0
2020-06-28,4.43,4.63,4.38,4.56,329798147.0,1597219156.0
2020-06-27,4.68,4.7,4.37,4.43,348981374.0,1549293057.0
2020-06-26,4.81,4.86,4.66,4.68,366958108.0,1638281862.0
2020-06-25,4.71,4.82,4.55,4.81,417488409.0,1684972181.0
2020-06-24,4.81,4.93,4.55,4.72,477169366.0,1651655918.0
2020-06-23,4.46,4.94,4.41,4.81,524401734.0,1682188036.0
2020-06-22,4.19,4.47,4.19,4.47,354320997.0,1563776985.0
2020-06-21,4.17,4.21,4.15,4.19,260111856.0,1466202331.0
2020-06-20,4.08,4.21,4.05,4.17,300428191.0,1459769388.0
2020-06-19,4.17,4.19,4.05,4.08,285917523.0,1427986674.0
2020-06-18,4.16,4.23,4.12,4.17,299551097.0,1459143130.0
2020-06-17,4.05,4.17,4.0,4.16,319675762.0,1457284290.0
2020-06-16,3.93,4.08,3.9,4.05,300222404.0,1417049911.0
2020-06-15,3.96,3.99,3.68,3.93,368088618.0,1376866033.0
2020-06-14,4.11,4.12,3.96,3.96,259255316.0,1384254618.0
2020-06-13,4.09,4.12,4.02,4.11,268974930.0,1440128454.0
2020-06-12,3.98,4.18,3.89,4.09,327861604.0,1431829668.0
2020-06-11,4.42,4.46,3.94,3.97,352495642.0,1389924052.0
2020-06-10,4.45,4.45,4.34,4.42,294672252.0,1547105469.0
2020-06-09,4.46,4.48,4.39,4.45,305409412.0,1557552084.0
2020-06-08,4.35,4.46,4.33,4.46,283855463.0,1560240660.0
2020-06-07,4.34,4.4,4.24,4.35,282338155.0,1522476591.0
2020-06-06,4.38,4.41,4.33,4.34,270796645.0,1519918210.0
2020-06-05,4.43,4.49,4.36,4.38,298753116.0,1532103068.0
2020-06-04,4.49,4.51,4.32,4.43,318417019.0,1551556871.0
2020-06-03,4.39,4.54,4.32,4.49,347465695.0,1571755300.0
2020-06-02,4.38,4.61,4.22,4.39,447755930.0,1535391839.0
2020-06-01,4.13,4.47,4.12,4.38,491355312.0,1533224811.0
2020-05-31,4.17,4.26,4.06,4.13,378972618.0,1445478259.0
2020-05-30,3.99,4.17,3.95,4.17,356995900.0,1458957296.0
2020-05-29,4.03,4.11,3.96,3.99,328730888.0,1395307992.0
2020-05-28,3.86,4.04,3.84,4.03,317138604.0,1408872696.0
2020-05-27,3.84,3.92,3.82,3.86,303730714.0,1350195985.0
2020-05-26,3.87,3.88,3.79,3.84,294932100.0,1342697098.0
2020-05-25,3.83,3.9,3.8,3.87,319542427.0,1354476676.0
2020-05-24,3.95,4.02,3.84,3.84,338608148.0,1342712782.0
2020-05-23,4.07,4.1,3.93,3.96,350387118.0,1384271247.0
2020-05-22,3.85,4.12,3.81,4.07,391293983.0,1424598820.0
2020-05-21,4.07,4.15,3.77,3.85,475890242.0,1346712935.0
2020-05-20,3.92,4.12,3.92,4.07,501477865.0,1424867262.0
2020-05-19,3.88,3.92,3.79,3.92,342003354.0,1372866757.0
2020-05-18,3.78,3.94,3.78,3.89,384696302.0,1359871089.0
2020-05-17,3.76,3.84,3.76,3.78,324792191.0,1324515312.0
2020-05-16,3.67,3.78,3.63,3.76,298753874.0,1316033130.0
2020-05-15,3.8,3.84,3.65,3.67,326992724.0,1286128594.0
2020-05-14,3.76,3.85,3.7,3.8,376043732.0,1329785466.0
2020-05-13,3.69,3.8,3.67,3.76,319801650.0,1316148495.0
2020-05-12,3.59,3.79,3.56,3.69,358470475.0,1292330729.0
2020-05-11,3.76,3.82,3.41,3.59,465004956.0,1254772804.0
2020-05-10,4.04,4.04,3.6,3.76,614483574.0,1316463851.0
2020-05-09,3.82,4.18,3.8,4.04,596770802.0,1414112226.0
2020-05-08,3.76,3.86,3.71,3.82,394360542.0,1337738020.0
2020-05-07,3.64,3.83,3.58,3.75,415098619.0,1313906217.0
2020-05-06,3.68,3.77,3.63,3.64,330568230.0,1272760212.0
2020-05-05,3.77,3.8,3.68,3.69,307442156.0,1290692525.0
2020-05-04,3.72,3.83,3.54,3.77,400808105.0,1318765143.0
2020-05-03,3.82,3.87,3.67,3.72,332486849.0,1302759278.0
2020-05-02,3.78,3.87,3.77,3.82,312851882.0,1337763940.0
2020-05-01,3.72,3.91,3.72,3.78,387173588.0,1324114575.0
2020-04-30,3.91,3.96,3.68,3.72,469432714.0,1302166857.0
2020-04-29,3.68,3.96,3.65,3.91,479767865.0,1367124006.0
2020-04-28,3.64,3.74,3.6,3.68,336584772.0,1286363619.0
2020-04-27,3.72,3.74,3.5,3.64,418502740.0,1274664482.0
2020-04-26,3.8,3.83,3.7,3.72,373262888.0,1300872243.0
2020-04-25,3.8,3.89,3.78,3.8,326366096.0,1331080897.0
2020-04-24,3.74,3.89,3.73,3.8,356971612.0,1331678326.0
2020-04-23,3.68,3.82,3.63,3.73,458394827.0,1303753636.0
2020-04-22,3.47,3.7,3.46,3.68,419768838.0,1287585113.0
2020-04-21,3.45,3.58,3.43,3.48,386134896.0,1216697578.0
2020-04-20,3.64,3.78,3.43,3.46,511701400.0,1210414587.0
2020-04-19,3.78,3.81,3.59,3.64,497819796.0,1273148903.0
2020-04-18,3.48,3.8,3.48,3.78,517130842.0,1324210521.0
2020-04-17,3.47,3.53,3.41,3.48,431088440.0,1216966013.0
2020-04-16,3.13,3.52,3.02,3.47,599436392.0,1214026692.0
2020-04-15,3.24,3.31,3.13,3.13,425648503.0,1095155423.0
2020-04-14,3.37,3.44,3.23,3.24,497025727.0,1132912028.0
2020-04-13,3.47,3.47,3.31,3.37,663413131.0,1179431615.0
2020-04-12,3.29,3.59,3.19,3.46,712633668.0,1211914055.0
2020-04-11,3.22,3.42,3.09,3.28,653196770.0,1148809627.0
2020-04-10,3.32,3.33,2.97,3.22,748426338.0,1125984900.0
2020-04-09,3.14,3.45,3.13,3.32,734770971.0,1162592770.0
2020-04-08,2.72,3.24,2.71,3.14,518682498.0,1098664301.0
2020-04-07,2.52,2.87,2.52,2.72,577910419.0,951294862.0
2020-04-06,2.28,2.52,2.28,2.51,325590660.0,879695007.0
2020-04-05,2.33,2.33,2.26,2.28,161676431.0,797063757.0
2020-04-04,2.31,2.33,2.27,2.33,194260780.0,814174591.0
2020-04-03,2.3,2.38,2.29,2.31,226925452.0,806773419.0
2020-04-02,2.27,2.39,2.27,2.3,294353542.0,805598218.0
2020-04-01,2.27,2.3,2.16,2.28,289006168.0,797390894.0
2020-03-31,2.15,2.28,2.12,2.27,239526252.0,794620235.0
2020-03-30,2.02,2.18,2.02,2.15,220332929.0,753662033.0
2020-03-29,2.14,2.15,2.02,2.03,178728617.0,708808881.0
2020-03-28,2.18,2.18,2.07,2.14,234279603.0,747848872.0
2020-03-27,2.3,2.34,2.17,2.17,222982485.0,761239725.0
2020-03-26,2.26,2.3,2.23,2.3,209695287.0,803298187.0
2020-03-25,2.31,2.33,2.22,2.26,257497959.0,790886272.0
2020-03-24,2.23,2.36,2.2,2.31,321474267.0,807763832.0
2020-03-23,1.99,2.24,1.95,2.24,354551260.0,783227446.0
2020-03-22,2.27,2.31,1.96,1.99,295425228.0,696102884.0
2020-03-21,2.25,2.33,2.13,2.27,317973845.0,795065384.0
2020-03-20,2.25,2.6,2.09,2.25,526429075.0,786765060.0
2020-03-19,1.89,2.34,1.88,2.25,447725949.0,786333202.0
2020-03-18,1.84,1.91,1.78,1.89,304298998.0,660695085.0
2020-03-17,1.78,2.05,1.76,1.84,402042487.0,644981750.0
2020-03-16,2.11,2.11,1.6,1.78,539952973.0,622956956.0
2020-03-15,2.14,2.36,2.05,2.11,440244557.0,738223861.0
2020-03-14,2.43,2.5,2.1,2.14,448070726.0,750231169.0
2020-03-13,2.06,2.71,1.51,2.42,905688605.0,847397090.0
2020-03-12,3.82,3.83,1.97,2.06,678674595.0,722672644.0
2020-03-11,4.09,4.11,3.6,3.82,464691611.0,1336130849.0
2020-03-10,4.09,4.2,3.95,4.08,531064759.0,1429726104.0
2020-03-09,4.08,4.34,3.68,4.06,751627574.0,1422370360.0
2020-03-08,4.35,4.43,3.9,4.09,554855517.0,1431384728.0
2020-03-07,4.68,4.68,4.34,4.34,375742253.0,1520607569.0
2020-03-06,4.72,4.75,4.57,4.68,384700765.0,1637474153.0
2020-03-05,4.64,4.89,4.64,4.72,542142056.0,1652439037.0
2020-03-04,4.58,4.95,4.56,4.64,662474676.0,1625704996.0
2020-03-03,4.21,4.66,4.15,4.58,518469329.0,1604271179.0
2020-03-02,3.88,4.31,3.83,4.22,437170132.0,1475252493.0
2020-03-01,4.11,4.2,3.79,3.88,423505999.0,1357836407.0
2020-02-29,4.16,4.35,4.11,4.11,452201071.0,1437989316.0
2020-02-28,3.95,4.2,3.79,4.16,506674282.0,1456668505.0
2020-02-27,3.6,4.11,3.46,3.95,492056386.0,1382008329.0
2020-02-26,3.51,3.83,3.34,3.6,505501668.0,1260253650.0
2020-02-25,3.91,3.95,3.51,3.51,340819809.0,1229586427.0
2020-02-24,4.24,4.27,3.82,3.91,343314668.0,1369785416.0
2020-02-23,4.11,4.36,4.09,4.24,299278626.0,1485218289.0
2020-02-22,4.29,4.34,4.07,4.1,303556869.0,1436028024.0
2020-02-21,4.27,4.48,4.21,4.29,339638604.0,1502220389.0
2020-02-20,4.4,4.47,4.13,4.27,404800386.0,1494979037.0
2020-02-19,4.55,4.82,4.36,4.4,415141905.0,1540464065.0
2020-02-18,4.3,4.59,4.16,4.54,431990469.0,1590328792.0
2020-02-17,4.49,4.55,3.88,4.3,529297131.0,1503953031.0
2020-02-16,4.31,4.83,4.15,4.5,640799699.0,1576459992.0
2020-02-15,4.41,4.61,4.11,4.3,498446606.0,1506631238.0
2020-02-14,3.88,4.47,3.81,4.41,416798319.0,1545030652.0
2020-02-13,4.02,4.09,3.77,3.87,336049071.0,1356052109.0
2020-02-12,3.98,4.19,3.87,4.03,455111359.0,1408791688.0
2020-02-11,3.41,3.98,3.36,3.98,388126746.0,1391445535.0
2020-02-10,3.48,3.48,3.29,3.41,232733529.0,1194019464.0
2020-02-09,3.41,3.48,3.27,3.48,227524199.0,1217059506.0
2020-02-08,3.3,3.45,3.15,3.41,305697106.0,1195060080.0
2020-02-07,2.88,3.35,2.88,3.31,380527539.0,1157986128.0
2020-02-06,2.85,2.93,2.81,2.88,165611492.0,1009638663.0
2020-02-05,2.74,2.87,2.73,2.85,157306879.0,995970095.0
2020-02-04,2.77,2.8,2.69,2.74,134721884.0,959392205.0
2020-02-03,2.83,2.86,2.76,2.77,128902317.0,971130674.0
2020-02-02,2.84,2.89,2.74,2.83,135278751.0,991403500.0
2020-02-01,2.82,2.87,2.76,2.84,121185567.0,993633620.0
2020-01-31,2.92,2.92,2.78,2.82,132881059.0,988326980.0
2020-01-30,2.78,2.94,2.72,2.91,189044589.0,1019545843.0
2020-01-29,2.66,2.81,2.65,2.79,166469457.0,974863479.0
2020-01-28,2.61,2.67,2.6,2.66,130829516.0,929368527.0
2020-01-27,2.57,2.68,2.57,2.61,125100879.0,913378198.0
2020-01-26,2.46,2.57,2.44,2.57,101906615.0,900053582.0
2020-01-25,2.5,2.51,2.43,2.46,96793337.0,859784045.0
2020-01-24,2.47,2.53,2.37,2.5,121390827.0,876536363.0
2020-01-23,2.65,2.65,2.44,2.46,128284126.0,861738068.0
2020-01-22,2.68,2.69,2.63,2.65,97214236.0,925953608.0
2020-01-21,2.7,2.74,2.58,2.67,118493954.0,935742614.0
2020-01-20,2.62,2.74,2.55,2.7,149645626.0,944054524.0
2020-01-19,2.78,2.84,2.56,2.62,175287789.0,916632784.0
2020-01-18,2.72,2.79,2.6,2.77,167529444.0,970936771.0
2020-01-17,2.48,2.84,2.47,2.72,257924221.0,953438176.0
2020-01-16,2.41,2.5,2.3,2.48,143515776.0,869567505.0
2020-01-15,2.38,2.57,2.36,2.4,149371800.0,841742041.0
2020-01-14,2.19,2.45,2.18,2.39,135612258.0,836474276.0
2020-01-13,2.24,2.24,2.16,2.19,78803227.0,767358644.0
2020-01-12,2.28,2.31,2.23,2.25,87342008.0,785817532.0
2020-01-11,2.22,2.33,2.22,2.28,107902217.0,799136443.0
2020-01-10,2.19,2.26,2.16,2.22,109888554.0,778385770.0
2020-01-09,2.18,2.23,2.11,2.19,109938413.0,765117095.0
2020-01-08,2.11,2.33,2.11,2.18,192821111.0,764262022.0
2020-01-07,1.93,2.13,1.91,2.11,140921324.0,739934210.0
2020-01-06,1.81,1.94,1.81,1.94,80941179.0,678112936.0
2020-01-05,1.84,1.86,1.8,1.81,55235942.0,632725379.0
2020-01-04,1.81,1.85,1.79,1.84,49108150.0,644046686.0
2020-01-03,1.74,1.83,1.71,1.81,61298048.0,633397911.0
2020-01-02,1.81,1.82,1.72,1.74,52729126.0,609400278.0
2020-01-01,1.77,1.85,1.76,1.81,69723037.0,632324086.0
2019-12-31,1.84,1.84,1.76,1.77,58903187.0,619314954.0
2019-12-30,1.9,1.91,1.83,1.84,57136151.0,643640851.0
2019-12-29,1.87,1.92,1.86,1.9,53574998.0,665841559.0
2019-12-28,1.89,1.91,1.87,1.87,53567273.0,656018147.0
2019-12-27,1.86,1.95,1.85,1.89,74031488.0,660276978.0
2019-12-26,1.81,1.94,1.79,1.86,79180350.0,651630010.0
2019-12-25,1.86,1.86,1.79,1.8,86020952.0,631665436.0
2019-12-24,1.88,1.89,1.84,1.86,131772813.0,652092016.0
2019-12-23,1.94,1.96,1.86,1.88,130569408.0,656897477.0
2019-12-22,1.87,1.95,1.87,1.94,120076955.0,677398756.0
2019-12-21,1.92,1.93,1.87,1.87,88336767.0,655789073.0
2019-12-20,1.82,1.92,1.8,1.92,124354682.0,673201642.0
2019-12-19,1.88,1.89,1.75,1.82,150914459.0,637172404.0
2019-12-18,1.76,1.88,1.66,1.88,209932252.0,658252398.0
2019-12-17,1.98,2.01,1.72,1.76,172213180.0,614723071.0
2019-12-16,2.09,2.09,1.98,1.98,97454140.0,693554053.0
2019-12-15,2.01,2.12,1.98,2.09,114518248.0,730394059.0
2019-12-14,2.08,2.09,1.99,2.01,105295566.0,703740129.0
2019-12-13,2.12,2.13,2.07,2.08,117843001.0,727058616.0
2019-12-12,2.18,2.2,2.05,2.12,142758973.0,741674953.0
2019-12-11,2.27,2.3,2.15,2.18,138162558.0,762317077.0
2019-12-10,2.09,2.28,2.07,2.27,218763851.0,794729934.0
2019-12-09,2.06,2.09,2.02,2.09,147696805.0,731861045.0
2019-12-08,2.06,2.09,2.03,2.06,103114465.0,720652032.0
2019-12-07,2.09,2.11,2.05,2.06,88418201.0,721417209.0
2019-12-06,2.03,2.1,1.99,2.09,113399318.0,732354664.0
2019-12-05,2.05,2.11,1.97,2.03,126219927.0,709032623.0
2019-12-04,2.13,2.14,2.02,2.05,145162286.0,717028178.0
2019-12-03,2.09,2.2,2.05,2.13,109854018.0,745494808.0
2019-12-02,2.17,2.18,2.07,2.09,116492201.0,733241502.0
2019-12-01,2.24,2.24,2.14,2.17,136819693.0,758496044.0
2019-11-30,2.34,2.36,2.22,2.24,123021580.0,784726634.0
2019-11-29,2.28,2.36,2.27,2.34,160656952.0,819917110.0
2019-11-28,2.23,2.33,2.19,2.27,146006115.0,795173797.0
2019-11-27,2.26,2.29,2.14,2.23,149542925.0,780208040.0
2019-11-26,2.27,2.36,2.18,2.28,143568310.0,796749927.0
2019-11-25,2.26,2.38,2.06,2.28,170091780.0,796272797.0
2019-11-24,2.45,2.47,2.25,2.26,149929050.0,789526615.0
2019-11-23,2.35,2.46,2.27,2.45,149356394.0,856598472.0
2019-11-22,2.55,2.59,2.17,2.35,201718065.0,823152707.0
2019-11-21,2.71,2.71,2.48,2.55,167317924.0,892383619.0
2019-11-20,2.75,2.83,2.66,2.71,167970679.0,947893228.0
2019-11-19,2.82,2.86,2.61,2.76,174284233.0,964799660.0
2019-11-18,2.93,2.98,2.77,2.83,126598447.0,989313501.0
2019-11-17,3.01,3.01,2.9,2.93,99099080.0,1026161955.0
2019-11-16,3.03,3.05,2.94,3.01,95813206.0,1053615962.0
2019-11-15,3.06,3.08,2.86,3.04,157665192.0,1062303298.0
2019-11-14,3.02,3.18,2.96,3.06,198792071.0,1072062494.0
2019-11-13,2.81,3.08,2.79,3.02,209362104.0,1056401597.0
2019-11-12,2.75,2.87,2.74,2.82,148585749.0,986233985.0
2019-11-11,2.78,2.78,2.69,2.75,94732322.0,962614077.0
2019-11-10,2.8,2.85,2.73,2.78,145643657.0,973925991.0
2019-11-09,2.72,2.86,2.71,2.8,152872881.0,981382996.0
2019-11-08,2.69,2.73,2.64,2.72,133302910.0,950824378.0
2019-11-07,2.74,2.75,2.63,2.69,139483618.0,941759562.0
2019-11-06,2.68,2.81,2.66,2.74,152746471.0,959075304.0
2019-11-05,2.68,2.7,2.64,2.68,119153856.0,938931715.0
2019-11-04,2.67,2.73,2.65,2.69,122384989.0,940363180.0
2019-11-03,2.71,2.72,2.65,2.67,106456374.0,935129239.0
2019-11-02,2.72,2.76,2.69,2.71,88544063.0,948628146.0
2019-11-01,2.74,2.8,2.66,2.72,118225225.0,952007823.0
2019-10-31,2.62,2.76,2.56,2.74,118140976.0,958275491.0
2019-10-30,2.67,2.68,2.53,2.62,101740209.0,918473995.0
2019-10-29,2.67,2.77,2.65,2.67,109381921.0,934515459.0
2019-10-28,2.68,2.89,2.67,2.67,157224840.0,935190881.0
2019-10-27,2.75,2.77,2.62,2.68,135864814.0,936411528.0
2019-10-26,2.84,2.99,2.67,2.75,231729603.0,963198914.0
2019-10-25,2.75,2.93,2.65,2.84,210307337.0,993331438.0
2019-10-24,2.62,2.79,2.61,2.75,175558916.0,963071165.0
2019-10-23,2.61,2.69,2.43,2.61,190350548.0,914374505.0
2019-10-22,2.63,2.82,2.58,2.61,172462583.0,911941836.0
2019-10-21,2.44,2.67,2.44,2.63,174716569.0,921215529.0
2019-10-20,2.36,2.44,2.3,2.44,86836834.0,854512429.0
2019-10-19,2.36,2.4,2.3,2.36,85270342.0,825810063.0
2019-10-18,2.42,2.51,2.34,2.36,105032862.0,825498606.0
2019-10-17,2.39,2.48,2.29,2.42,139155340.0,848439470.0
2019-10-16,2.4,2.42,2.2,2.39,158475686.0,836937086.0
2019-10-15,2.54,2.6,2.35,2.39,110301011.0,838177179.0
2019-10-14,2.5,2.67,2.47,2.54,116069815.0,888883511.0
2019-10-13,2.6,2.65,2.46,2.5,107136821.0,874110354.0
2019-10-12,2.78,2.78,2.57,2.61,120045685.0,912493135.0
2019-10-11,2.64,2.81,2.59,2.77,200123734.0,970326221.0
2019-10-10,2.81,2.81,2.5,2.64,249559325.0,922420687.0
2019-10-09,2.58,2.94,2.52,2.8,329507431.0,981348417.0
2019-10-08,2.4,2.63,2.28,2.58,224096110.0,902338849.0
2019-10-07,2.19,2.49,2.13,2.4,202190935.0,840650623.0
2019-10-06,1.97,2.27,1.96,2.19,126356581.0,765835879.0
2019-10-05,1.98,1.98,1.92,1.97,96574706.0,688101396.0
2019-10-04,1.95,2.0,1.91,1.98,77454029.0,692586222.0
2019-10-03,2.02,2.03,1.9,1.95,101098441.0,682863179.0
2019-10-02,1.84,2.02,1.83,2.02,102294409.0,705830998.0
2019-10-01,1.76,1.9,1.76,1.84,91602849.0,643757763.0
2019-09-30,1.72,1.77,1.65,1.76,84068855.0,617227495.0
2019-09-29,1.69,1.75,1.67,1.72,85120108.0,601027004.0
2019-09-28,1.67,1.71,1.66,1.69,71435514.0,590578652.0
2019-09-27,1.66,1.68,1.58,1.67,90213617.0,584556447.0
2019-09-26,1.76,1.76,1.56,1.66,112008341.0,580641588.0
2019-09-25,1.74,1.93,1.65,1.76,161634833.0,616065986.0
2019-09-24,1.81,2.06,1.59,1.74,218580528.0,607533240.0
2019-09-23,1.82,1.89,1.79,1.81,76114156.0,632571593.0
2019-09-22,1.89,1.89,1.78,1.82,63224058.0,637490132.0
2019-09-21,1.83,1.89,1.8,1.89,76844379.0,661291923.0
2019-09-20,1.88,1.88,1.77,1.83,75449475.0,639712666.0
2019-09-19,1.81,1.91,1.75,1.88,133273165.0,656554430.0
2019-09-18,1.63,1.85,1.63,1.81,112613412.0,633437288.0
2019-09-17,1.58,1.66,1.56,1.63,74897534.0,570303195.0
2019-09-16,1.62,1.64,1.55,1.58,62082506.0,553502262.0
2019-09-15,1.57,1.65,1.57,1.62,64455918.0,566133842.0
2019-09-14,1.58,1.64,1.54,1.57,82000174.0,547786749.0
2019-09-13,1.71,1.71,1.53,1.58,95116689.0,553326582.0
2019-09-12,1.74,1.75,1.68,1.71,61903495.0,597673768.0
2019-09-11,1.8,1.83,1.72,1.73,67247430.0,607189371.0
2019-09-10,1.79,1.83,1.79,1.8,66969746.0,630745598.0
2019-09-09,1.83,1.87,1.77,1.8,96518480.0,628912446.0
2019-09-08,1.78,1.9,1.78,1.83,88855921.0,640837508.0
2019-09-07,1.73,1.81,1.72,1.78,71006363.0,621936130.0
2019-09-06,1.8,1.82,1.71,1.73,72212080.0,606023566.0
2019-09-05,1.78,1.86,1.77,1.8,69409152.0,629259272.0
2019-09-04,1.85,1.86,1.75,1.79,70884788.0,624835582.0
2019-09-03,1.83,1.93,1.82,1.85,80326910.0,649140668.0
2019-09-02,1.77,1.89,1.74,1.83,63004422.0,641721122.0
2019-09-01,1.79,1.8,1.73,1.78,43571942.0,621326044.0
2019-08-31,1.8,1.85,1.75,1.79,51356763.0,626580727.0
2019-08-30,1.78,1.89,1.75,1.81,57285240.0,632233170.0
2019-08-29,1.9,1.9,1.75,1.78,83335306.0,624201412.0
2019-08-28,2.11,2.11,1.89,1.9,59193724.0,665135295.0
2019-08-27,2.08,2.16,2.03,2.11,62275881.0,737513471.0
2019-08-26,2.09,2.16,2.06,2.08,54292215.0,726896842.0
2019-08-25,2.18,2.19,2.04,2.09,59471445.0,729777073.0
2019-08-24,2.25,2.26,2.17,2.19,50546812.0,764817282.0
2019-08-23,2.23,2.31,2.19,2.25,85783321.0,788655768.0
2019-08-22,2.22,2.29,2.16,2.23,71961706.0,780353505.0
2019-08-21,2.38,2.39,2.17,2.22,94589329.0,775709885.0
2019-08-20,2.5,2.54,2.36,2.38,71968212.0,833161949.0
2019-08-19,2.5,2.59,2.45,2.51,81955471.0,876803143.0
2019-08-18,2.39,2.55,2.37,2.5,74479050.0,874873977.0
2019-08-17,2.32,2.4,2.31,2.39,45504193.0,837686344.0
2019-08-16,2.41,2.44,2.25,2.32,71099710.0,812662694.0
2019-08-15,2.28,2.43,2.22,2.41,78723315.0,844460611.0
2019-08-14,2.41,2.56,2.21,2.27,117748508.0,794901897.0
2019-08-13,2.38,2.44,2.32,2.41,61913129.0,844577979.0
2019-08-12,2.41,2.46,2.35,2.38,53991936.0,832992225.0
2019-08-11,2.32,2.47,2.28,2.4,75758084.0,838892496.0
2019-08-10,2.18,2.38,2.15,2.32,88304426.0,812899281.0
2019-08-09,2.29,2.3,2.17,2.18,49294449.0,762704421.0
2019-08-08,2.4,2.4,2.29,2.29,56631921.0,801179369.0
2019-08-07,2.46,2.49,2.37,2.39,69024403.0,837149418.0
2019-08-06,2.48,2.52,2.35,2.46,95016633.0,861234531.0
2019-08-05,2.5,2.63,2.48,2.48,87397910.0,869531173.0
2019-08-04,2.42,2.6,2.42,2.5,95419755.0,874189201.0
2019-08-03,2.4,2.72,2.34,2.43,158068000.0,848917776.0
2019-08-02,2.18,2.45,2.15,2.4,88993103.0,839928316.0
2019-08-01,2.2,2.23,2.12,2.18,46293195.0,763440117.0
2019-07-31,2.09,2.22,2.08,2.2,59937401.0,768893256.0
2019-07-30,2.14,2.18,2.01,2.09,63663046.0,731198581.0
2019-07-29,2.22,2.24,2.13,2.14,41163755.0,749106534.0
2019-07-28,2.26,2.29,2.13,2.22,37139642.0,776205287.0
2019-07-27,2.4,2.46,2.23,2.26,57981370.0,790468087.0
2019-07-26,2.38,2.43,2.35,2.4,38644891.0,841246588.0
2019-07-25,2.41,2.52,2.38,2.38,60195321.0,834488658.0
2019-07-24,2.37,2.46,2.3,2.41,78623000.0,841888630.0
2019-07-23,2.42,2.5,2.26,2.37,66520544.0,829846812.0
2019-07-22,2.55,2.59,2.4,2.43,48393920.0,849005263.0
2019-07-21,2.64,2.67,2.5,2.55,48335818.0,892624348.0
2019-07-20,2.61,2.72,2.6,2.64,67423557.0,925624353.0
2019-07-19,2.68,2.75,2.52,2.61,71363583.0,913097864.0
2019-07-18,2.38,2.79,2.35,2.68,142714502.0,937681898.0
2019-07-17,2.19,2.57,2.07,2.38,135564356.0,832896515.0
2019-07-16,2.73,2.77,2.18,2.2,82850036.0,769177557.0
2019-07-15,2.79,2.84,2.6,2.73,95812874.0,954972344.0
2019-07-14,3.17,3.24,2.78,2.79,95436164.0,975583149.0
2019-07-13,3.18,3.27,3.05,3.17,144234535.0,1109669612.0
2019-07-12,2.83,3.27,2.67,3.17,162546196.0,1110847783.0
2019-07-11,3.12,3.14,2.78,2.83,118728040.0,989498969.0
2019-07-10,3.11,3.22,2.88,3.12,172059406.0,1091411807.0
2019-07-09,3.34,3.38,2.98,3.11,177238039.0,1089532123.0
2019-07-08,3.31,3.55,3.27,3.34,111053367.0,1167515193.0
2019-07-07,3.48,3.51,3.28,3.31,97053705.0,1160024637.0
2019-07-06,3.63,3.63,3.46,3.48,100575087.0,1216907978.0
2019-07-05,3.48,3.7,3.45,3.62,191209597.0,1267753706.0
2019-07-04,3.53,3.62,3.31,3.48,178867441.0,1219711940.0
2019-07-03,3.65,3.79,3.53,3.53,204354523.0,1236607323.0
2019-07-02,3.59,3.82,3.23,3.65,424338055.0,1275902459.0
2019-07-01,3.45,3.76,2.95,3.59,377055673.0,1257190706.0
2019-06-30,3.71,4.09,3.39,3.45,434865872.0,1206411075.0
2019-06-29,2.96,4.54,2.9,3.7,953804527.0,1296103164.0
2019-06-28,2.27,2.98,2.17,2.96,229612906.0,1036638992.0
2019-06-27,2.26,2.52,2.07,2.27,136956672.0,793662091.0
2019-06-26,2.19,2.42,2.01,2.26,179571545.0,791545865.0
2019-06-25,1.86,2.41,1.86,2.19,199041263.0,766399120.0
2019-06-24,1.8,1.88,1.79,1.86,30278025.0,651116941.0
2019-06-23,1.84,1.9,1.76,1.8,47203299.0,630481077.0
2019-06-22,1.69,1.93,1.69,1.84,65320899.0,643493677.0
2019-06-21,1.77,1.79,1.62,1.7,56871937.0,596004725.0
2019-06-20,1.84,1.88,1.69,1.77,40500786.0,617942688.0
2019-06-19,1.82,1.9,1.8,1.84,38209064.0,643454346.0
2019-06-18,1.97,2.02,1.77,1.82,117480216.0,636487947.0
2019-06-17,1.67,2.03,1.67,1.97,158900877.0,690072343.0
2019-06-16,1.72,1.78,1.62,1.67,119199289.0,585701350.0
2019-06-15,1.68,1.79,1.63,1.72,149453818.0,602456049.0
2019-06-14,1.85,1.88,1.47,1.68,344143609.0,586795264.0
2019-06-13,1.14,1.95,1.13,1.85,318719301.0,646771978.0
2019-06-12,1.14,1.16,1.11,1.14,27563661.0,399965629.0
2019-06-11,1.19,1.19,1.1,1.14,25861024.0,398406699.0
2019-06-10,1.07,1.19,1.06,1.19,25489176.0,417100427.0
2019-06-09,1.15,1.16,1.04,1.07,20498196.0,375638528.0
2019-06-08,1.18,1.2,1.14,1.15,18457927.0,403416987.0
2019-06-07,1.11,1.24,1.08,1.18,50396874.0,412164418.0
2019-06-06,1.08,1.24,1.06,1.12,74387222.0,391871524.0
2019-06-05,0.88325,1.08,0.88325,1.08,62912027.0,376991267.0
2019-06-04,0.908429,0.931625,0.857405,0.88325,25054880.0,309137609.0
2019-06-03,1.01,1.01,0.903734,0.910969,19415847.0,318839080.0
2019-06-02,0.965132,1.04,0.948151,1.01,23376401.0,354351973.0
2019-06-01,1.02,1.05,0.964412,0.965132,29166848.0,337796271.0
2019-05-31,1.02,1.05,0.962933,1.02,48729261.0,357531895.0
2019-05-30,1.18,1.22,0.97137,1.02,71072187.0,358662835.0
2019-05-29,1.28,1.28,1.16,1.18,41812375.0,413975944.0
2019-05-28,1.21,1.33,1.15,1.28,55908377.0,446386194.0
2019-05-27,1.09,1.27,1.09,1.21,58681258.0,423853821.0
2019-05-26,1.13,1.18,1.04,1.09,43379101.0,380472881.0
2019-05-25,1.34,1.34,1.11,1.13,52065174.0,395259087.0
2019-05-24,1.34,1.42,1.24,1.34,52112753.0,467935969.0
2019-05-23,1.22,1.36,1.17,1.34,62796580.0,470746721.0
2019-05-22,1.18,1.47,1.16,1.22,118738675.0,427015235.0
2019-05-21,1.12,1.23,1.07,1.19,98438799.0,415073110.0
2019-05-20,0.993931,1.13,0.953604,1.13,28566429.0,395128179.0
2019-05-19,0.935665,1.04,0.92943,0.99435,39610667.0,348022497.0
2019-05-18,0.887731,0.95759,0.861204,0.934154,20589987.0,326954044.0
2019-05-17,0.926456,0.97876,0.815716,0.887731,39447831.0,310705812.0
2019-05-16,0.844518,0.9361,0.773683,0.926125,33573495.0,324143612.0
2019-05-15,0.825101,0.877251,0.786645,0.845574,20109177.0,295950928.0
2019-05-14,0.646799,0.923087,0.637336,0.823082,42446071.0,288078581.0
2019-05-13,0.65799,0.684658,0.641344,0.646697,10869526.0,226343857.0
2019-05-12,0.68049,0.697553,0.632952,0.65799,11180413.0,230296513.0
2019-05-11,0.671543,0.731236,0.654661,0.678823,17115294.0,237588178.0
2019-05-10,0.639472,0.723333,0.639021,0.67146,17084493.0,235011049.0
2019-05-09,0.591537,0.697156,0.588824,0.639849,23088642.0,223947011.0
2019-05-08,0.544176,0.611642,0.525372,0.591537,9757958.0,207038074.0
2019-05-07,0.578788,0.612012,0.544724,0.544724,16169094.0,190653521.0
2019-05-06,0.506408,0.58415,0.492072,0.57812,11999352.0,202342028.0
2019-05-05,0.49514,0.520908,0.49147,0.506979,4844367.0,177442700.0
2019-05-04,0.512165,0.51478,0.481348,0.494995,4501322.0,173248139.0
2019-05-03,0.463472,0.521838,0.460731,0.512165,6755514.0,179257760.0
2019-05-02,0.476051,0.477187,0.462566,0.463421,3212373.0,162197465.0
2019-05-01,0.473559,0.489426,0.467288,0.476025,4255127.0,166608665.0
2019-04-30,0.433853,0.473625,0.432954,0.47317,6117527.0,165609469.0
2019-04-29,0.448739,0.451101,0.428721,0.433501,5230685.0,151725351.0
2019-04-28,0.441522,0.457403,0.440225,0.448218,4170835.0,156876126.0
2019-04-27,0.43717,0.459038,0.433999,0.441571,3901156.0,154549706.0
2019-04-26,0.445525,0.457116,0.42593,0.436926,5505480.0,152924256.0
2019-04-25,0.478279,0.500135,0.440754,0.445506,6760468.0,155927053.0
2019-04-24,0.481483,0.481483,0.446669,0.478313,7281840.0,167409434.0
2019-04-23,0.495666,0.503501,0.481483,0.481483,6260080.0,168519003.0
2019-04-22,0.499349,0.518363,0.489451,0.496664,5966146.0,173832277.0
2019-04-21,0.515529,0.516346,0.481099,0.499498,5015660.0,174824315.0
2019-04-20,0.514467,0.531926,0.508351,0.515661,4637764.0,180481253.0
2019-04-19,0.52392,0.538236,0.510728,0.51427,5918321.0,179994496.0
2019-04-18,0.49984,0.524362,0.49984,0.524362,4816738.0,183526781.0
2019-04-17,0.503032,0.507384,0.492098,0.500259,4224360.0,175090817.0
2019-04-16,0.491902,0.51562,0.491823,0.503054,4307086.0,176068779.0
2019-04-15,0.52874,0.52874,0.485267,0.492214,6369018.0,172274842.0
2019-04-14,0.539316,0.546824,0.512053,0.52874,5680703.0,185059171.0
2019-04-13,0.495333,0.541624,0.494792,0.539208,7063057.0,188722677.0
2019-04-12,0.485395,0.515451,0.460543,0.49535,6616811.0,173372567.0
2019-04-11,0.520977,0.522058,0.460694,0.486123,7966598.0,170142918.0
2019-04-10,0.534443,0.53869,0.517878,0.520257,8226906.0,182089916.0
2019-04-09,0.568899,0.568899,0.525419,0.53468,7970929.0,187137933.0
2019-04-08,0.577537,0.588704,0.545413,0.568899,9889748.0,199114822.0
2019-04-07,0.569635,0.587925,0.568781,0.577119,6038857.0,201991507.0
2019-04-06,0.577593,0.586439,0.56289,0.57011,7641845.0,199538351.0
2019-04-05,0.541969,0.581019,0.541719,0.577468,7928035.0,202113893.0
2019-04-04,0.564471,0.583761,0.524932,0.54224,11153064.0,189784007.0
2019-04-03,0.583602,0.60535,0.54711,0.565453,13494096.0,197908509.0
2019-04-02,0.55576,0.600143,0.538438,0.584279,16414974.0,204497754.0
2019-04-01,0.508822,0.55901,0.502701,0.556138,11605651.0,194648237.0
2019-03-31,0.494278,0.53564,0.488088,0.507613,9259723.0,177664598.0
2019-03-30,0.498974,0.517915,0.484092,0.494278,3395827.0,172997221.0
2019-03-29,0.503459,0.504325,0.49094,0.499502,4239835.0,174825731.0
2019-03-28,0.500018,0.515897,0.492195,0.503459,6329645.0,176210776.0
2019-03-27,0.464117,0.503666,0.461459,0.499871,6237410.0,174954769.0
2019-03-26,0.475201,0.482013,0.453718,0.463601,6231819.0,162260295.0
2019-03-25,0.457155,0.488948,0.45033,0.476395,8467627.0,166738405.0
2019-03-24,0.463184,0.463754,0.452962,0.456405,3100039.0,159741728.0
2019-03-23,0.466228,0.467981,0.459142,0.463084,2494600.0,162079235.0
2019-03-22,0.460479,0.469147,0.45295,0.466446,3835633.0,163256018.0
2019-03-21,0.4858,0.486737,0.449624,0.461061,4652789.0,161371279.0
2019-03-20,0.485134,0.493797,0.478777,0.486086,3511170.0,170130073.0
2019-03-19,0.480655,0.485468,0.474479,0.485391,2894766.0,169886753.0
2019-03-18,0.48423,0.486447,0.471952,0.480714,3415764.0,168249917.0
2019-03-17,0.485642,0.488046,0.477323,0.483685,7196927.0,169289685.0
2019-03-16,0.490123,0.495906,0.477491,0.485599,7199555.0,169959638.0
2019-03-15,0.490593,0.497047,0.487662,0.490087,3912307.0,171530373.0
2019-03-14,0.484472,0.498457,0.480215,0.491097,10961574.0,171884118.0
2019-03-13,0.488498,0.489492,0.473605,0.48451,6203981.0,169578470.0
2019-03-12,0.468989,0.506671,0.461123,0.488552,9177232.0,170993152.0
2019-03-11,0.502303,0.514857,0.462762,0.46749,11191637.0,163621430.0
2019-03-10,0.477753,0.546149,0.47168,0.501768,14548536.0,175618843.0
2019-03-09,0.465638,0.483478,0.457612,0.477456,7457248.0,167109642.0
2019-03-08,0.456038,0.513961,0.456038,0.466202,14303158.0,163170755.0
2019-03-07,0.433013,0.47754,0.430243,0.455832,7330127.0,159541169.0
2019-03-06,0.432834,0.440171,0.424048,0.431821,4082793.0,151137385.0
2019-03-05,0.407985,0.432997,0.406767,0.432997,6561919.0,151549045.0
2019-03-04,0.422797,0.427474,0.400721,0.407811,3710145.0,142733863.0
2019-03-03,0.426864,0.432958,0.422492,0.424169,1849996.0,148459049.0
2019-03-02,0.431073,0.438003,0.423016,0.427787,2339649.0,149725369.0
2019-03-01,0.42721,0.442263,0.423619,0.431785,3667815.0,151124739.0
2019-02-28,0.431167,0.445228,0.422652,0.427421,3941979.0,149597202.0
2019-02-27,0.438511,0.447849,0.422632,0.431479,3696949.0,151017630.0
2019-02-26,0.472764,0.475703,0.43592,0.437432,6553450.0,153101366.0
2019-02-25,0.408956,0.470638,0.407175,0.470638,7817871.0,164723462.0
2019-02-24,0.463182,0.464864,0.40481,0.41064,6649844.0,143724138.0
2019-02-23,0.451517,0.462867,0.444993,0.461889,4318600.0,161661081.0
2019-02-22,0.44468,0.459443,0.442613,0.452029,4048573.0,158210223.0
2019-02-21,0.466101,0.475834,0.442442,0.445463,6437539.0,155911935.0
2019-02-20,0.45822,0.474131,0.449128,0.46611,6379429.0,163138410.0
2019-02-19,0.473187,0.479299,0.458156,0.458156,6259916.0,160354681.0
2019-02-18,0.460618,0.482621,0.454602,0.474333,6753508.0,166016565.0
2019-02-17,0.439879,0.472939,0.430112,0.457499,6623800.0,160124725.0
2019-02-16,0.433277,0.444838,0.433277,0.440511,2715140.0,154178777.0
2019-02-15,0.428067,0.442391,0.421697,0.432969,3006564.0,151539099.0
2019-02-14,0.443295,0.445445,0.422198,0.428376,3914369.0,149931672.0
2019-02-13,0.426152,0.444044,0.419635,0.444044,4517365.0,155415427.0
2019-02-12,0.427962,0.434029,0.421859,0.425395,4205375.0,148888416.0
2019-02-11,0.452691,0.452691,0.423454,0.429451,5928665.0,150307799.0
2019-02-10,0.464839,0.480033,0.439995,0.452186,7950326.0,158265149.0
2019-02-09,0.438646,0.479012,0.43302,0.464334,6382735.0,162516967.0
2019-02-08,0.401928,0.443174,0.39869,0.436519,6900024.0,152781612.0
2019-02-07,0.399709,0.406291,0.39333,0.401474,3171282.0,140515984.0
2019-02-06,0.422242,0.422242,0.393226,0.39962,5378906.0,139866994.0
2019-02-05,0.393349,0.43044,0.39043,0.421776,5865307.0,147621682.0
2019-02-04,0.397265,0.409227,0.38808,0.394452,4850155.0,138058129.0
2019-02-03,0.416137,0.416226,0.391219,0.396142,3856282.0,138649652.0
2019-02-02,0.418132,0.431468,0.40194,0.414927,4128147.0,145224462.0
2019-02-01,0.387798,0.428248,0.383756,0.419263,5696881.0,146742214.0
2019-01-31,0.429458,0.440094,0.386335,0.38769,7507124.0,135691624.0
2019-01-30,0.453444,0.453444,0.421108,0.426929,8965899.0,149425068.0
2019-01-29,0.413458,0.462636,0.412659,0.455235,18998440.0,159332250.0
2019-01-28,0.43414,0.43465,0.35793,0.41349,13461911.0,144721540.0
2019-01-27,0.469769,0.469769,0.430183,0.433749,10244607.0,151812147.0
2019-01-26,0.479245,0.491413,0.468378,0.472149,5982204.0,165252211.0
2019-01-25,0.50869,0.51851,0.477191,0.479549,8985719.0,167842286.0
2019-01-24,0.509978,0.511099,0.47908,0.504242,8538515.0,176484747.0
2019-01-23,0.540244,0.55163,0.507175,0.509976,10344545.0,178491610.0
2019-01-22,0.50198,0.565396,0.50198,0.540335,13998683.0,189117145.0
2019-01-21,0.490262,0.524284,0.476899,0.503412,9503123.0,176194054.0
2019-01-20,0.490917,0.49729,0.471904,0.490123,7018434.0,171542899.0
2019-01-19,0.500851,0.500851,0.475322,0.49147,7015260.0,172014468.0
2019-01-18,0.482481,0.507996,0.469729,0.500732,8659548.0,175256028.0
2019-01-17,0.495978,0.498681,0.473998,0.483012,11096121.0,169054158.0
2019-01-16,0.520065,0.541322,0.482514,0.497374,18011677.0,174080781.0
2019-01-15,0.487361,0.557111,0.465549,0.518795,26829916.0,181578132.0
2019-01-14,0.441589,0.498074,0.424715,0.48566,17594771.0,169981024.0
2019-01-13,0.410553,0.451917,0.381357,0.444261,9558626.0,155491200.0
2019-01-12,0.444803,0.469002,0.407561,0.412244,15375000.0,144285540.0
2019-01-11,0.354977,0.46385,0.353391,0.444193,14491941.0,155467564.0
2019-01-10,0.400968,0.406695,0.34656,0.354604,5524822.0,124111323.0
2019-01-09,0.428384,0.435931,0.401065,0.401805,8182734.0,140631739.0
2019-01-08,0.377736,0.424596,0.365395,0.424198,6481963.0,148469448.0
2019-01-07,0.397072,0.409975,0.371402,0.376474,5182374.0,131765950.0
2019-01-06,0.396251,0.402905,0.373846,0.39701,7628848.0,138953564.0
2019-01-05,0.439706,0.443555,0.387636,0.395948,13064911.0,138581888.0
2019-01-04,0.368733,0.450038,0.367064,0.437175,24652793.0,153011387.0
2019-01-03,0.31653,0.372249,0.315525,0.365974,10890273.0,128091007.0
2019-01-02,0.30077,0.318269,0.297464,0.316489,1637715.0,110771092.0
2019-01-01,0.289458,0.30198,0.289407,0.299371,1522529.0,104779850.0
2018-12-31,0.299919,0.302193,0.285003,0.289444,1427065.0,101305557.0
2018-12-30,0.299537,0.314664,0.29508,0.298643,1852488.0,104525175.0
2018-12-29,0.298933,0.318848,0.290561,0.29997,2630385.0,104989447.0
2018-12-28,0.281154,0.301622,0.257564,0.298379,3236126.0,104432787.0
2018-12-27,0.30672,0.310779,0.27316,0.275171,3696029.0,96309875.0
2018-12-26,0.316293,0.318841,0.296311,0.307583,4251937.0,107654193.0
2018-12-25,0.308042,0.321722,0.288652,0.317662,4949793.0,111181784.0
2018-12-24,0.314183,0.331237,0.300437,0.307952,3333646.0,107783370.0
2018-12-23,0.313058,0.320195,0.301084,0.313261,2828792.0,109641510.0
2018-12-22,0.298164,0.311306,0.286961,0.311306,3110687.0,108957073.0
2018-12-21,0.340056,0.341128,0.292681,0.298483,4301773.0,104469142.0
2018-12-20,0.295162,0.345179,0.29281,0.338506,9490875.0,118477117.0
2018-12-19,0.272329,0.312698,0.26493,0.296346,5660320.0,103720962.0
2018-12-18,0.233623,0.271144,0.228102,0.270225,3884847.0,94578831.0
2018-12-17,0.204694,0.237725,0.204425,0.233422,2037677.0,81697552.0
2018-12-16,0.203568,0.219491,0.203279,0.206882,1719297.0,72408560.0
2018-12-15,0.203787,0.207093,0.199322,0.203357,1292231.0,71174852.0
2018-12-14,0.205921,0.210268,0.199043,0.202932,1356092.0,71026150.0
2018-12-13,0.226988,0.228285,0.20194,0.205696,1188210.0,71993569.0
2018-12-12,0.221575,0.241433,0.22133,0.226759,1357029.0,79365652.0
2018-12-11,0.219478,0.225838,0.211127,0.223391,923276.0,78186886.0
2018-12-10,0.239682,0.242904,0.215351,0.219072,815587.0,76675209.0
2018-12-09,0.227884,0.246241,0.219745,0.239791,1430497.0,83926770.0
2018-12-08,0.216476,0.244318,0.21193,0.228283,2173231.0,79898994.0
2018-12-07,0.22221,0.223212,0.196705,0.216468,2270701.0,75763778.0
2018-12-06,0.256743,0.270216,0.222732,0.222732,2461190.0,77956051.0
2018-12-05,0.285659,0.292989,0.256613,0.256613,1554730.0,89814396.0
2018-12-04,0.287593,0.310187,0.284313,0.287812,1994609.0,100734096.0
2018-12-03,0.317583,0.318396,0.28405,0.288482,1617950.0,100968609.0
2018-12-02,0.332233,0.344589,0.315039,0.315657,1143867.0,110480027.0
2018-12-01,0.322805,0.344942,0.315273,0.332692,2359405.0,116442288.0
2018-11-30,0.344778,0.38826,0.311531,0.322242,4213313.0,112784611.0
2018-11-29,0.331753,0.384418,0.315004,0.344782,4077698.0,120673703.0
2018-11-28,0.28831,0.350208,0.285821,0.33146,3667720.0,116011000.0
2018-11-27,0.283613,0.307023,0.268116,0.287584,4308920.0,100654400.0
2018-11-26,0.259927,0.284513,0.239467,0.283866,2712730.0,99353100.0
2018-11-25,0.284489,0.284489,0.239775,0.259428,3812450.0,90799800.0
2018-11-24,0.329575,0.339396,0.261923,0.284568,1634890.0,99598800.0
2018-11-23,0.340543,0.35133,0.319733,0.329343,1661750.0,115270050.0
2018-11-22,0.366398,0.384949,0.342961,0.342961,2252920.0,120036350.0
2018-11-21,0.341726,0.377458,0.324775,0.367507,3028430.0,128627450.0
2018-11-20,0.408542,0.419936,0.324131,0.341813,4418950.0,119634550.0
2018-11-19,0.525748,0.525748,0.390645,0.41129,4749190.0,143951500.0
2018-11-18,0.486116,0.532501,0.481317,0.524238,3048070.0,183483300.0
2018-11-17,0.513972,0.515894,0.475894,0.48512,4137480.0,169792000.0
2018-11-16,0.538504,0.53886,0.506062,0.512894,4171370.0,179512900.0
2018-11-15,0.547454,0.559497,0.491501,0.541633,7177480.0,189571550.0
2018-11-14,0.584511,0.614066,0.48713,0.547843,9008150.0,191745050.0
2018-11-13,0.562648,0.621279,0.55339,0.581442,11449100.0,203504700.0
2018-11-12,0.512046,0.5653,0.504897,0.562799,3420880.0,196979650.0
2018-11-11,0.520441,0.525232,0.501918,0.509636,1026380.0,178372600.0
2018-11-10,0.492969,0.527346,0.49052,0.521143,2227350.0,182400050.0
2018-11-09,0.49489,0.499999,0.483278,0.492477,1271700.0,172366950.0
2018-11-08,0.481795,0.522419,0.479117,0.497974,3155890.0,174290900.0
2018-11-07,0.484404,0.489589,0.471198,0.482141,1232730.0,168749350.0
2018-11-06,0.481669,0.491555,0.464432,0.484115,1949590.0,169028650.0
2018-11-05,0.502914,0.513416,0.478931,0.481368,1623590.0,168478800.0
2018-11-04,0.541181,0.543299,0.487832,0.503996,2981540.0,176398600.0
2018-11-03,0.50197,0.55466,0.500238,0.543031,3484070.0,190060850.0
2018-11-02,0.515766,0.524203,0.49807,0.500783,2995750.0,175274050.0
2018-11-01,0.510677,0.583402,0.500286,0.514022,15507100.0,179907700.0
2018-10-31,0.452831,0.527735,0.441729,0.506044,7214500.0,177115400.0
2018-10-30,0.418134,0.459612,0.416247,0.45041,2879160.0,157643500.0
2018-10-29,0.438024,0.43982,0.397705,0.418148,1424720.0,146351800.0
2018-10-28,0.444391,0.447224,0.429002,0.440448,1171860.0,154156800.0
2018-10-27,0.433165,0.457754,0.420503,0.444364,1712840.0,155527400.0
2018-10-26,0.438584,0.445884,0.414242,0.432123,2274910.0,151243050.0
2018-10-25,0.412713,0.442806,0.398309,0.437743,1596200.0,153210050.0
2018-10-24,0.435015,0.437667,0.407978,0.412075,2378480.0,144226250.0
2018-10-23,0.3904,0.482214,0.3904,0.437883,10378700.0,153259050.0
2018-10-22,0.368917,0.392008,0.355149,0.390431,1903340.0,136650850.0
2018-10-21,0.369953,0.378515,0.366153,0.371791,793981.0,130126850.0
2018-10-20,0.361531,0.372737,0.358516,0.370766,761786.0,129768100.0
2018-10-19,0.375809,0.380194,0.356982,0.361977,892791.0,126691950.0
2018-10-18,0.376157,0.396928,0.366221,0.376913,1957950.0,131919550.0
2018-10-17,0.359983,0.38312,0.350594,0.376968,3231860.0,131938800.0
2018-10-16,0.340121,0.367643,0.33645,0.358845,2507920.0,125595750.0
2018-10-15,0.326235,0.350657,0.322104,0.339638,1787330.0,118873300.0
2018-10-14,0.319704,0.334104,0.316103,0.325284,959805.0,113849400.0
2018-10-13,0.311916,0.323745,0.311512,0.318843,602792.0,111595050.0
2018-10-12,0.303087,0.314708,0.301899,0.311278,1180340.0,108947300.0
2018-10-11,0.347456,0.34844,0.301134,0.303201,1584750.0,106120350.0
2018-10-10,0.339312,0.35676,0.332131,0.347861,2540720.0,121751350.0
2018-10-09,0.343623,0.344227,0.33011,0.339712,1409520.0,118899200.0
2018-10-08,0.337935,0.347392,0.334874,0.343585,1334080.0,120254750.0
2018-10-07,0.337194,0.341053,0.333346,0.337637,1286090.0,118172950.0
2018-10-06,0.359769,0.377053,0.334301,0.338098,4656480.0,118334300.0
2018-10-05,0.32089,0.36668,0.317891,0.356504,4114640.0,124776400.0
2018-10-04,0.310651,0.322559,0.310651,0.32094,996871.0,112329000.0
2018-10-03,0.320521,0.321603,0.305997,0.310338,1149830.0,108618300.0
2018-10-02,0.324566,0.327268,0.318859,0.321105,1133880.0,112386750.0
2018-10-01,0.332822,0.333274,0.323218,0.325232,772346.0,113831200.0
2018-09-30,0.32891,0.332935,0.320582,0.331898,896424.0,116164300.0
2018-09-29,0.334734,0.334734,0.325455,0.329202,569884.0,115220700.0
2018-09-28,0.346138,0.349646,0.327474,0.334983,1126520.0,117244050.0
2018-09-27,0.344722,0.349976,0.332093,0.34559,2188310.0,120956500.0
2018-09-26,0.326186,0.377129,0.316625,0.348924,4319900.0,122123400.0
2018-09-25,0.333479,0.347311,0.317065,0.326493,2487050.0,114272550.0
2018-09-24,0.342773,0.353736,0.330714,0.334657,1999280.0,117129950.0
2018-09-23,0.340165,0.347555,0.332853,0.343609,2458210.0,120263150.0
2018-09-22,0.353784,0.353784,0.323429,0.33786,2895180.0,118251000.0
2018-09-21,0.354068,0.374125,0.338948,0.353303,7925320.0,123656050.0
2018-09-20,0.331875,0.424509,0.326369,0.358403,26124800.0,125441050.0
2018-09-19,0.291016,0.344874,0.285346,0.329173,6164950.0,115210550.0
2018-09-18,0.268891,0.305719,0.266162,0.291212,1569640.0,101924200.0
2018-09-17,0.274897,0.282215,0.261128,0.268721,644191.0,94052350.0
2018-09-16,0.271143,0.280837,0.260933,0.273865,699587.0,95852750.0
2018-09-15,0.269763,0.279133,0.265223,0.269288,430008.0,94250800.0
2018-09-14,0.272404,0.272974,0.261806,0.268898,727881.0,94114300.0
2018-09-13,0.254156,0.276296,0.25377,0.271776,780362.0,95121600.0
2018-09-12,0.260944,0.271943,0.24755,0.253495,902340.0,88723250.0
2018-09-11,0.246926,0.267273,0.239959,0.260429,919435.0,91150150.0
2018-09-10,0.239819,0.254832,0.239586,0.247807,608181.0,86732450.0
2018-09-09,0.241427,0.255482,0.234261,0.239741,438981.0,83909350.0
2018-09-08,0.261721,0.276133,0.237862,0.241907,554111.0,84667450.0
2018-09-07,0.272267,0.289301,0.258255,0.260662,1305730.0,91231700.0
2018-09-06,0.267087,0.284026,0.245265,0.27239,1793980.0,95336500.0
2018-09-05,0.29976,0.300533,0.265584,0.268699,1648130.0,94044650.0
2018-09-04,0.306679,0.309282,0.292887,0.29972,1253120.0,104902000.0
2018-09-03,0.310924,0.311338,0.294637,0.30394,697608.0,106379000.0
2018-09-02,0.328204,0.341612,0.300814,0.310938,1355060.0,108828300.0
2018-09-01,0.32798,0.33432,0.319254,0.328258,473642.0,114890300.0
2018-08-31,0.305595,0.332516,0.298245,0.328099,1091390.0,114834650.0
2018-08-30,0.308564,0.314136,0.291036,0.30539,1329920.0,106886500.0
2018-08-29,0.335953,0.337197,0.30871,0.30871,875125.0,108048500.0
2018-08-28,0.335245,0.339639,0.325863,0.335793,1265750.0,117527550.0
2018-08-27,0.328734,0.336085,0.323461,0.336085,643844.0,117629750.0
2018-08-26,0.318032,0.336788,0.306008,0.328878,1134650.0,115107300.0
2018-08-25,0.335559,0.338505,0.319767,0.319767,920084.0,111918450.0
2018-08-24,0.321761,0.341856,0.314113,0.336927,1491040.0,117924450.0
2018-08-23,0.314437,0.322174,0.302736,0.321022,2108960.0,112357700.0
2018-08-22,0.313597,0.34877,0.303965,0.314632,2623480.0,110121200.0
2018-08-21,0.290898,0.334666,0.286131,0.311927,3836640.0,109174450.0
2018-08-20,0.299123,0.305469,0.285545,0.287262,1424350.0,100541700.0
2018-08-19,0.275555,0.311823,0.274852,0.302272,2567610.0,105795200.0
2018-08-18,0.292455,0.297414,0.260974,0.27332,1755680.0,95662000.0
2018-08-17,0.269883,0.294185,0.267399,0.291827,2160710.0,102139450.0
2018-08-16,0.256857,0.279403,0.251698,0.268244,1733710.0,93885400.0
2018-08-15,0.274795,0.279145,0.254971,0.257547,2353510.0,90141450.0
2018-08-14,0.258216,0.272586,0.226687,0.27191,3309590.0,95168500.0
2018-08-13,0.284198,0.298308,0.259292,0.259292,2741600.0,90752200.0
2018-08-12,0.271578,0.288883,0.261435,0.283597,2512980.0,99258950.0
2018-08-11,0.274466,0.281594,0.236959,0.27067,3237720.0,94734500.0
2018-08-10,0.276216,0.312034,0.269657,0.274727,4713140.0,96154450.0
2018-08-09,0.228182,0.300537,0.228182,0.276128,5960760.0,96644800.0
2018-08-08,0.234336,0.236093,0.220033,0.22804,996081.0,79814000.0
2018-08-07,0.23486,0.258017,0.232132,0.233997,1039530.0,81898950.0
2018-08-06,0.254249,0.259318,0.23373,0.236471,723640.0,82764850.0
2018-08-05,0.256847,0.257437,0.242065,0.253947,866923.0,88881450.0
2018-08-04,0.285081,0.286994,0.249021,0.257989,1284510.0,90296150.0
2018-08-03,0.310153,0.310153,0.274588,0.284746,1460180.0,99661100.0
2018-08-02,0.288338,0.317333,0.288202,0.30958,1954190.0,108353000.0
2018-08-01,0.297106,0.308805,0.26952,0.28728,1546730.0,100548000.0
2018-07-31,0.313723,0.313723,0.264631,0.293934,2272300.0,102876900.0
2018-07-30,0.329398,0.358734,0.288956,0.318274,3691130.0,111395900.0
2018-07-29,0.281399,0.346813,0.276922,0.328679,5325900.0,115037650.0
2018-07-28,0.266786,0.286774,0.253915,0.279981,1182800.0,97993350.0
2018-07-27,0.252518,0.283349,0.246192,0.26684,2030030.0,93394000.0
2018-07-26,0.245023,0.281131,0.243262,0.251831,2378590.0,88140850.0
2018-07-25,0.200765,0.262498,0.197738,0.243708,4145790.0,85297800.0
2018-07-24,0.195584,0.207308,0.183889,0.202624,1061290.0,70918400.0
2018-07-23,0.202412,0.213927,0.196369,0.19705,751454.0,68967500.0
2018-07-22,0.223471,0.223888,0.200987,0.201422,877479.0,70497700.0
2018-07-21,0.217565,0.222991,0.199057,0.222991,987338.0,78046850.0
2018-07-20,0.228497,0.235086,0.212104,0.21645,583083.0,75757500.0
2018-07-19,0.242828,0.244187,0.225724,0.229673,684897.0,80385550.0
2018-07-18,0.248726,0.255757,0.229915,0.23978,913101.0,83923000.0
2018-07-17,0.222514,0.254341,0.218476,0.248674,849921.0,87035900.0
2018-07-16,0.200191,0.223189,0.192503,0.222559,696931.0,77895650.0
2018-07-15,0.195647,0.201663,0.189206,0.19931,398773.0,69758500.0
2018-07-14,0.201004,0.203627,0.192787,0.194691,499009.0,68141850.0
2018-07-13,0.204858,0.217063,0.199866,0.200695,776288.0,70243250.0
2018-07-12,0.206945,0.21178,0.193267,0.204594,598761.0,71607900.0
2018-07-11,0.210715,0.215486,0.202571,0.206735,531092.0,72357250.0
2018-07-10,0.235123,0.236526,0.207929,0.211167,584208.0,73908450.0
2018-07-09,0.247927,0.253253,0.234844,0.235216,575313.0,82325600.0
2018-07-08,0.24809,0.252688,0.239516,0.246745,497111.0,86360750.0
2018-07-07,0.23108,0.255759,0.230163,0.249942,1712400.0,87479700.0
2018-07-06,0.218486,0.231747,0.215816,0.229949,458131.0,80482150.0
2018-07-05,0.23113,0.241421,0.215229,0.218494,646977.0,76472900.0
2018-07-04,0.235724,0.247761,0.230494,0.232286,617233.0,81300100.0
2018-07-03,0.249639,0.260895,0.235103,0.236518,721174.0,82781300.0
2018-07-02,0.222635,0.252846,0.212614,0.249,832198.0,87150000.0
2018-07-01,0.226203,0.230038,0.214822,0.2212,552528.0,77420000.0
2018-06-30,0.180985,0.227225,0.180985,0.226619,1331670.0,79316650.0
2018-06-29,0.166213,0.18346,0.162135,0.181072,435250.0,63375200.0
2018-06-28,0.172153,0.175574,0.164628,0.166278,1015270.0,58197300.0
2018-06-27,0.170717,0.175756,0.165746,0.171995,450340.0,60198250.0
2018-06-26,0.179486,0.185113,0.170625,0.170771,466123.0,59769850.0
2018-06-25,0.186768,0.18904,0.178558,0.179697,534090.0,62893950.0
2018-06-24,0.193838,0.193838,0.169898,0.186944,486218.0,65430400.0
2018-06-23,0.185813,0.197427,0.184344,0.19366,473507.0,67781000.0
2018-06-22,0.21227,0.213048,0.176818,0.186089,976667.0,65131150.0
2018-06-21,0.22446,0.234165,0.212161,0.212881,916385.0,74508350.0
2018-06-20,0.222616,0.241406,0.211512,0.225581,1090550.0,78953350.0
2018-06-19,0.209795,0.223699,0.209103,0.220765,636392.0,77267750.0
2018-06-18,0.214128,0.219117,0.203779,0.21008,649237.0,73528000.0
2018-06-17,0.222324,0.227596,0.210932,0.214002,659047.0,74900700.0
2018-06-16,0.223513,0.231015,0.209285,0.222022,491185.0,77707700.0
2018-06-15,0.239984,0.240677,0.222245,0.223557,420554.0,78244950.0
2018-06-14,0.214586,0.246365,0.213462,0.239964,1224850.0,83987400.0
2018-06-13,0.228528,0.23177,0.200626,0.214526,1545500.0,75084100.0
2018-06-12,0.264913,0.269029,0.225996,0.228636,1093790.0,80022600.0
2018-06-11,0.242126,0.264211,0.241323,0.262975,822274.0,92041250.0
2018-06-10,0.296918,0.296918,0.238184,0.241828,1404290.0,84639800.0
2018-06-09,0.295341,0.31023,0.290372,0.297624,980861.0,104168400.0
2018-06-08,0.307156,0.320542,0.293531,0.293531,1653140.0,102735850.0
2018-06-07,0.330176,0.33441,0.302987,0.30677,1534880.0,107369500.0
2018-06-06,0.336001,0.344035,0.323187,0.329864,958238.0,115452400.0
2018-06-05,0.339333,0.342375,0.32121,0.336191,1150320.0,117666850.0
2018-06-04,0.360814,0.363464,0.330667,0.340509,1482450.0,119178150.0
2018-06-03,0.368361,0.373085,0.360251,0.362294,1784810.0,126802900.0
2018-06-02,0.351132,0.370455,0.34644,0.36731,1931240.0,128558500.0
2018-06-01,0.344391,0.358604,0.34015,0.349503,1749230.0,122326050.0
2018-05-31,0.336011,0.35205,0.331817,0.344773,1893860.0,120670550.0
2018-05-30,0.351707,0.360788,0.332259,0.335834,1887930.0,117541900.0
2018-05-29,0.316005,0.353393,0.307569,0.351257,2054720.0,122939950.0
2018-05-28,0.345454,0.349226,0.31238,0.31585,1893850.0,110547500.0
2018-05-27,0.364613,0.364613,0.339327,0.345249,1537460.0,120837150.0
2018-05-26,0.342905,0.378707,0.341086,0.36462,2132460.0,127617000.0
2018-05-25,0.361846,0.368043,0.337588,0.342848,884160.0,119996800.0
2018-05-24,0.347501,0.364461,0.32702,0.360526,994366.0,126184100.0
2018-05-23,0.376795,0.38465,0.325221,0.34869,1671040.0,122041500.0
2018-05-22,0.424544,0.425094,0.375938,0.376997,1350350.0,131948950.0
2018-05-21,0.453276,0.459815,0.422359,0.424356,1486740.0,148524600.0
2018-05-20,0.45406,0.4668,0.447304,0.453171,1025440.0,158609850.0
2018-05-19,0.456888,0.469481,0.446857,0.453086,1142290.0,158580100.0
2018-05-18,0.443198,0.466155,0.431033,0.456841,1238790.0,159894350.0
2018-05-17,0.480957,0.489524,0.439751,0.444447,1213040.0,155556450.0
2018-05-16,0.504069,0.509343,0.47395,0.480891,2304810.0,168311850.0
2018-05-15,0.517117,0.540287,0.50276,0.504004,4057270.0,176401400.0
2018-05-14,0.503561,0.519388,0.467152,0.516912,7448630.0,180919200.0
2018-05-13,0.463815,0.507848,0.461998,0.503457,7268850.0,176209950.0
2018-05-12,0.465587,0.479527,0.435912,0.464764,5915750.0,162667400.0
2018-05-11,0.528553,0.542279,0.463324,0.467844,7637640.0,163745400.0
2018-05-10,0.540756,0.580562,0.526081,0.526373,8782470.0,184230550.0
2018-05-09,0.553441,0.566589,0.51874,0.539512,8745840.0,188829200.0
2018-05-08,0.575398,0.605246,0.550472,0.552857,11448600.0,193499950.0
2018-05-07,0.539151,0.576308,0.517246,0.573018,11589100.0,200556300.0
2018-05-06,0.569823,0.579571,0.515715,0.538399,10221100.0,188439650.0
2018-05-05,0.582434,0.605718,0.568581,0.571535,8913690.0,200037250.0
2018-05-04,0.568115,0.595175,0.545682,0.582583,9514950.0,203904050.0
2018-05-03,0.566081,0.580635,0.553803,0.567669,12504300.0,198684150.0
2018-05-02,0.548807,0.579055,0.542267,0.564701,12012700.0,197645350.0
2018-05-01,0.546737,0.56409,0.513602,0.550401,11765500.0,192640350.0
2018-04-30,0.518846,0.595504,0.501624,0.544691,16614200.0,190641850.0
2018-04-29,0.484039,0.524225,0.484039,0.515714,13234600.0,180499900.0
2018-04-28,0.452135,0.485825,0.44889,0.484476,11109500.0,169566600.0
2018-04-27,0.490388,0.490388,0.452005,0.452005,9550110.0,158201750.0
2018-04-26,0.437818,0.491522,0.427058,0.490148,9472480.0,171551800.0
2018-04-25,0.533049,0.533049,0.420517,0.434367,11093000.0,152028450.0
2018-04-24,0.492222,0.540175,0.492222,0.536824,14352600.0,187888400.0
2018-04-23,0.499589,0.50602,0.49108,0.492385,13159300.0,172334750.0
2018-04-22,0.491732,0.507285,0.484899,0.499311,12728200.0,174758850.0
2018-04-21,0.482384,0.49458,0.437563,0.491349,13561900.0,171972150.0
2018-04-20,0.483105,0.491307,0.46322,0.481416,12657700.0,168495600.0
2018-04-19,0.446446,0.482795,0.445759,0.482795,12987800.0,168978250.0
2018-04-18,0.418092,0.447514,0.418092,0.44629,11779200.0,156201500.0
2018-04-17,0.409593,0.442639,0.407598,0.416794,11459000.0,145877900.0
2018-04-16,0.42428,0.427754,0.395853,0.409538,9864350.0,143338300.0
2018-04-15,0.394515,0.427119,0.394515,0.423946,10745200.0,148381100.0
2018-04-14,0.38004,0.418225,0.374964,0.394007,9167990.0,137902450.0
2018-04-13,0.387293,0.419498,0.374365,0.381543,11271600.0,133540050.0
2018-04-12,0.358107,0.390432,0.339751,0.386811,11536600.0,135383850.0
2018-04-11,0.356482,0.37555,0.352602,0.359287,10603500.0,125750450.0
2018-04-10,0.318395,0.357976,0.313079,0.355836,9540080.0,124542600.0
2018-04-09,0.328047,0.339652,0.300099,0.311528,9020550.0,109034800.0
2018-04-08,0.30624,0.330459,0.300253,0.327094,10058800.0,114482900.0
2018-04-07,0.275059,0.305454,0.275013,0.304124,8668510.0,106443400.0
2018-04-06,0.285239,0.290033,0.270799,0.275062,7671220.0,96271700.0
2018-04-05,0.289063,0.308896,0.272381,0.286925,9738160.0,100423750.0
2018-04-04,0.295325,0.300448,0.269061,0.290161,8929810.0,101556350.0
2018-04-03,0.273958,0.298269,0.269954,0.295473,8705370.0,103415550.0
2018-04-02,0.262899,0.279084,0.259882,0.273684,7697230.0,95789400.0
2018-04-01,0.280087,0.284584,0.244567,0.26158,7962260.0,91553000.0
2018-03-31,0.286772,0.298324,0.278543,0.280171,7349410.0,98059850.0
2018-03-30,0.280455,0.306109,0.268745,0.287494,7631570.0,100622900.0
2018-03-29,0.352725,0.354318,0.275649,0.280161,8848710.0,98056350.0
2018-03-28,0.343633,0.359677,0.33634,0.351367,8432800.0,122978450.0
2018-03-27,0.371228,0.372369,0.337205,0.342625,6654480.0,119918750.0
2018-03-26,0.405745,0.413622,0.346954,0.371496,9116330.0,130023600.0
2018-03-25,0.410346,0.418074,0.393788,0.406105,8585700.0,142136750.0
2018-03-24,0.414342,0.433272,0.401918,0.419085,8999810.0,146679750.0
2018-03-23,0.419889,0.427333,0.37922,0.40914,9846940.0,143199000.0
2018-03-22,0.444646,0.457575,0.390708,0.419292,10720800.0,146752200.0
2018-03-21,0.392459,0.455803,0.39006,0.445421,12823600.0,155897350.0
2018-03-20,0.387416,0.401789,0.361059,0.391713,8897510.0,137099550.0
2018-03-19,0.371102,0.38631,0.353199,0.381644,8994920.0,133575400.0
2018-03-18,0.372332,0.380326,0.284184,0.373338,9742300.0,130668300.0
2018-03-17,0.423994,0.423994,0.366734,0.373861,9340520.0,130851350.0
2018-03-16,0.417999,0.442162,0.416015,0.42442,10271100.0,148547000.0
2018-03-15,0.442636,0.444595,0.396093,0.419737,8460960.0,146907950.0
2018-03-14,0.566199,0.577406,0.431777,0.443609,5288160.0,155263150.0
2018-03-13,0.507505,0.565642,0.504771,0.563841,4227540.0,197344350.0
2018-03-12,0.510991,0.563421,0.49624,0.510198,5513180.0,178569300.0
2018-03-11,0.465669,0.516688,0.446866,0.513524,2527380.0,179733400.0
2018-03-10,0.478701,0.511314,0.466054,0.46771,2491710.0,163698500.0
2018-03-09,0.485427,0.492362,0.431485,0.480877,3412130.0,168306950.0
2018-03-08,0.517473,0.52354,0.461371,0.486422,3397200.0,170247700.0
2018-03-07,0.533835,0.567519,0.455621,0.521148,5364650.0,182401800.0
2018-03-06,0.58369,0.58369,0.529083,0.53387,3218950.0,186854500.0
2018-03-05,0.594186,0.608093,0.576373,0.586738,4530590.0,205358300.0
2018-03-04,0.629218,0.640109,0.57463,0.592818,4243320.0,207486300.0
2018-03-03,0.652153,0.669431,0.615337,0.628706,3547810.0,220047100.0
2018-03-02,0.661663,0.673799,0.646619,0.652742,3763040.0,228459700.0
2018-03-01,0.662293,0.680856,0.649849,0.663065,3992240.0,232072750.0
2018-02-28,0.724143,0.740327,0.661052,0.661447,4943770.0,231506450.0
2018-02-27,0.69186,0.73518,0.676655,0.723957,5426840.0,253384950.0
2018-02-26,0.672751,0.698348,0.641757,0.691446,4113690.0,242006100.0
2018-02-25,0.646013,0.699827,0.636775,0.675715,5793540.0,236500250.0
2018-02-24,0.676026,0.718403,0.618498,0.650958,5582380.0,227835300.0
2018-02-23,0.601214,0.676693,0.572225,0.674791,6902820.0,236176850.0
2018-02-22,0.654794,0.713841,0.584273,0.601923,5678200.0,210673050.0
2018-02-21,0.695364,0.734271,0.623681,0.653669,7049450.0,228784150.0
2018-02-20,0.771259,0.820339,0.698196,0.699926,11664800.0,244974100.0
2018-02-19,0.760064,0.875907,0.7105,0.774362,29965000.0,271026700.0
2018-02-18,0.676664,0.781357,0.587149,0.761761,15946800.0,266616350.0
2018-02-17,0.644339,0.683901,0.636546,0.672487,8038940.0,235370450.0
2018-02-16,0.561803,0.666601,0.557657,0.639628,9385160.0,223869800.0
2018-02-15,0.568245,0.579358,0.529747,0.565251,7288970.0,197837850.0
2018-02-14,0.564205,0.587916,0.532434,0.568253,11953100.0,198888550.0
2018-02-13,0.48893,0.62475,0.482524,0.570759,30283200.0,199765650.0
2018-02-12,0.417541,0.519708,0.414619,0.490282,7646360.0,171598700.0
2018-02-11,0.419716,0.435649,0.378313,0.416157,2544010.0,145654950.0
2018-02-10,0.435503,0.480114,0.400166,0.419874,3474900.0,146955900.0
2018-02-09,0.412028,0.44002,0.391976,0.435194,3047610.0,152317900.0
2018-02-08,0.375524,0.433127,0.375524,0.41108,5285960.0,143878000.0
2018-02-07,0.425813,0.443644,0.373128,0.376771,5201810.0,131869850.0
2018-02-06,0.343707,0.438514,0.272057,0.425248,6105750.0,148836800.0
2018-02-05,0.430158,0.437098,0.307245,0.341506,4347320.0,119527100.0
2018-02-04,0.518612,0.525754,0.403487,0.434371,5171480.0,152029850.0
2018-02-03,0.500117,0.544792,0.453403,0.518558,5826330.0,181495300.0
2018-02-02,0.51844,0.523837,0.35195,0.494574,7123780.0,173100900.0
2018-02-01,0.619959,0.623401,0.480307,0.520347,6605630.0,182121450.0
2018-01-31,0.598872,0.62402,0.565813,0.620146,6957010.0,217051100.0
2018-01-30,0.700005,0.700005,0.562775,0.596778,5598540.0,208872300.0
2018-01-29,0.756799,0.761525,0.685925,0.697712,5220320.0,244199200.0
2018-01-28,0.789529,0.855933,0.751998,0.760601,9034380.0,266210350.0
2018-01-27,0.710961,0.846373,0.689705,0.780675,14915400.0,273236250.0
2018-01-26,0.756811,0.787677,0.678423,0.709853,5618280.0,248448550.0
2018-01-25,0.800383,0.832663,0.720689,0.760437,6271900.0,266152950.0
2018-01-24,0.798848,0.834116,0.766961,0.792863,6451640.0,277502050.0
2018-01-23,0.802235,0.862839,0.718654,0.801917,7552930.0,280670950.0
2018-01-22,0.905794,1.02,0.734843,0.802858,12408600.0,281000300.0
2018-01-21,1.2,1.2,0.840487,0.887828,22703900.0,310739800.0
2018-01-20,0.820674,1.22,0.805499,1.22,13848900.0,426755000.0
2018-01-19,0.73917,0.908227,0.703131,0.812905,7383730.0,284516750.0
2018-01-18,0.702454,0.81982,0.691333,0.74423,5953820.0,260480500.0
2018-01-17,0.751847,0.768202,0.479321,0.698634,7658770.0,244521900.0
2018-01-16,0.881772,0.881772,0.524756,0.756453,8988860.0,264758550.0
2018-01-15,1.01,1.04,0.848422,0.877688,8351260.0,307190800.0
2018-01-14,1.11,1.15,0.941085,1.01,5844480.0,353794000.0
2018-01-13,1.05,1.28,1.05,1.1,12319900.0,385430500.0
2018-01-12,1.03,1.14,0.989549,1.05,9231200.0,368046000.0
2018-01-11,1.18,1.29,0.972191,1.01,10009300.0,353615500.0
2018-01-10,1.24,1.26,1.09,1.19,11260700.0,416048500.0
2018-01-09,1.38,1.42,1.18,1.23,14301200.0,429898000.0
2018-01-08,1.27,1.44,1.05,1.38,25545400.0,482055000.0
2018-01-07,1.09,1.32,1.01,1.27,23308800.0,444661000.0
2018-01-06,0.964796,1.19,0.938462,1.06,16319300.0,372249500.0
2018-01-05,0.958734,1.26,0.851669,0.907486,23599300.0,317620100.0
2018-01-04,0.680094,1.02,0.680094,0.984368,24679000.0,344528800.0
2018-01-03,0.669799,0.70425,0.629135,0.681167,8620400.0,238408450.0
2018-01-02,0.729082,0.764335,0.585715,0.673712,12671100.0,235799200.0
2018-01-01,0.600415,0.736103,0.574218,0.733563,11506300.0,256747050.0
2017-12-31,0.558809,0.613538,0.524516,0.601552,9962080.0,210543200.0
2017-12-30,0.488004,0.586128,0.433333,0.586128,9126190.0,205144800.0
2017-12-29,0.508161,0.518447,0.46116,0.486348,5757530.0,170221800.0
2017-12-28,0.502782,0.513637,0.436507,0.506697,5458410.0,177343950.0
2017-12-27,0.51571,0.530669,0.460536,0.505501,6065390.0,176925350.0
2017-12-26,0.506289,0.549637,0.435954,0.521421,10452900.0,182497350.0
2017-12-25,0.549337,0.584542,0.48899,0.501933,7740550.0,175676550.0
2017-12-24,0.584562,0.604374,0.44383,0.544162,15183200.0,190456700.0
2017-12-23,0.439272,0.723386,0.439272,0.57768,24055000.0,202188000.0
2017-12-22,0.427648,0.456331,0.283609,0.426878,14979800.0,149407300.0
2017-12-21,0.378562,0.466434,0.368811,0.424287,12030600.0,148500450.0
2017-12-20,0.438729,0.438729,0.352756,0.372796,10481200.0,130478600.0
2017-12-19,0.431075,0.508603,0.415128,0.439356,13254800.0,153774600.0
2017-12-18,0.418269,0.434907,0.362783,0.434907,18220400.0,152217450.0
2017-12-17,0.341848,0.444421,0.339906,0.417596,20035600.0,146158600.0
2017-12-16,0.318199,0.35286,0.293005,0.341393,13859700.0,119487550.0
2017-12-15,0.312604,0.354452,0.258224,0.320793,13211800.0,112277550.0
2017-12-14,0.26132,0.366843,0.253102,0.308503,16021700.0,107976050.0
2017-12-13,0.231428,0.288013,0.224191,0.261878,10439800.0,91657300.0
2017-12-12,0.254114,0.270264,0.209596,0.231424,10320200.0,80998400.0
2017-12-11,0.255079,0.287951,0.245527,0.260592,7534170.0,91207200.0
2017-12-10,0.241055,0.267001,0.215909,0.252898,3142570.0,88514300.0
2017-12-09,0.244985,0.267705,0.226415,0.238859,3173600.0,83600650.0
2017-12-08,0.260004,0.273486,0.211824,0.245226,4528570.0,85829100.0
2017-12-07,0.28369,0.308353,0.235807,0.260064,6697780.0,91022400.0
2017-12-06,0.312358,0.353649,0.267842,0.29157,12387900.0,102049500.0
2017-12-05,0.22927,0.313877,0.221351,0.313877,12459200.0,109856950.0
2017-12-04,0.232595,0.25327,0.206793,0.229581,6981590.0,80353350.0
2017-12-03,0.207998,0.255528,0.193607,0.230629,8765840.0,80720150.0
2017-12-02,0.177941,0.222175,0.167361,0.207898,7396790.0,72764300.0
2017-12-01,0.169528,0.179564,0.16127,0.177823,4352980.0,62238050.0
2017-11-30,0.14736,0.176797,0.142163,0.170461,4621870.0,59661350.0
2017-11-29,0.176567,0.182296,0.137963,0.145255,5052720.0,50839250.0
2017-11-28,0.186821,0.192135,0.175586,0.176424,5251760.0,61748400.0
2017-11-27,0.182888,0.185542,0.171907,0.184168,4242550.0,64458800.0
2017-11-26,0.183492,0.185923,0.170017,0.182888,1860700.0,64010800.0
2017-11-25,0.192811,0.193242,0.174594,0.180959,2292830.0,63335650.0
2017-11-24,0.165317,0.193379,0.155927,0.192921,3763260.0,67522350.0
2017-11-23,0.169655,0.190338,0.157085,0.164384,3325760.0,57534400.0
2017-11-22,0.15698,0.174569,0.150318,0.168515,2709660.0,58980250.0
2017-11-21,0.163476,0.168005,0.153796,0.154972,1952710.0,54240200.0
2017-11-20,0.162366,0.166283,0.156672,0.162183,1916880.0,56764050.0
2017-11-19,0.170798,0.173812,0.157416,0.162354,1646620.0,56823900.0
2017-11-18,0.155009,0.177912,0.150702,0.170872,1948470.0,59805200.0
2017-11-17,0.169455,0.171535,0.152477,0.159649,2547360.0,55877150.0
2017-11-16,0.187482,0.188444,0.164531,0.169761,1766160.0,59416350.0
2017-11-15,0.187613,0.193513,0.17603,0.186138,1689780.0,65148300.0
2017-11-14,0.184815,0.199968,0.1704,0.188114,2203410.0,65839900.0
2017-11-13,0.169117,0.205014,0.168743,0.183071,2992650.0,64074850.0
2017-11-12,0.179667,0.198376,0.145948,0.170898,5455200.0,59814300.0
2017-11-11,0.186398,0.197687,0.166026,0.17977,2238980.0,62919500.0
2017-11-10,0.2247,0.23128,0.180161,0.187602,2125460.0,65660700.0
2017-11-09,0.216713,0.248233,0.195411,0.223969,3347920.0,78389150.0
2017-11-08,0.177328,0.258522,0.171102,0.213909,5493180.0,74868150.0
2017-11-07,0.167836,0.177565,0.162294,0.177539,1267510.0,62138650.0
2017-11-06,0.17337,0.17347,0.156914,0.167456,1599470.0,58609600.0
2017-11-05,0.176922,0.182497,0.169625,0.172059,1080670.0,60220650.0
2017-11-04,0.170295,0.185698,0.162385,0.177603,1757130.0,62161050.0
2017-11-03,0.161143,0.188294,0.158104,0.171798,2411460.0,60129300.0
2017-11-02,0.156799,0.194406,0.138434,0.167427,3643740.0,58599450.0
2017-11-01,0.190372,0.190372,0.155311,0.157611,3130450.0,55163850.0
2017-10-31,0.211457,0.221311,0.184711,0.193912,2251570.0,67869200.0
2017-10-30,0.199246,0.210863,0.195898,0.209849,1492410.0,73447150.0
2017-10-29,0.205613,0.218749,0.182713,0.198876,2352990.0,69606600.0
2017-10-28,0.22461,0.227004,0.199226,0.206531,1522820.0,72285850.0
2017-10-27,0.227601,0.235078,0.219734,0.224644,1419580.0,78625400.0
2017-10-26,0.254033,0.254033,0.224187,0.227041,1681240.0,79464350.0
2017-10-25,0.255253,0.257736,0.235772,0.254435,2161880.0,89052250.0
2017-10-24,0.244765,0.294806,0.236123,0.254453,3665750.0,89058550.0
2017-10-23,0.263856,0.276816,0.228412,0.248675,2972470.0,87036250.0
2017-10-22,0.258186,0.285979,0.249826,0.264695,4038780.0,92643250.0
2017-10-21,0.223434,0.266299,0.203227,0.252681,5154740.0,88438350.0
2017-10-20,0.298908,0.323952,0.21627,0.223874,7715660.0,78355900.0
2017-10-19,0.367808,0.377265,0.293921,0.3,5812480.0,105000000.0
2017-10-18,0.402731,0.402731,0.32579,0.366229,5336930.0,128180150.0
2017-10-17,0.422383,0.422383,0.359183,0.400848,6321060.0,140296800.0
2017-10-16,0.415525,0.527722,0.389498,0.423807,12123000.0,148332450.0
2017-10-15,0.391134,0.423696,0.37072,0.413516,5135330.0,144730600.0
2017-10-14,0.434848,0.459368,0.389206,0.39186,4219350.0,137151000.0
2017-10-13,0.441636,0.47379,0.414082,0.434603,7521630.0,152111050.0
2017-10-12,0.452886,0.475765,0.423021,0.444011,8959280.0,155403850.0
2017-10-11,0.416346,0.454111,0.408787,0.450463,5477860.0,157662050.0
2017-10-10,0.380399,0.43306,0.360251,0.407469,7138890.0,142614150.0
2017-10-09,0.404506,0.43956,0.357163,0.380589,6781680.0,133206150.0
2017-10-08,0.462486,0.473417,0.358079,0.397137,7203350.0,138997950.0
2017-10-07,0.472246,0.476171,0.423777,0.463657,7408570.0,162279950.0
2017-10-06,0.406319,0.48505,0.404342,0.475765,12167500.0,166517750.0
2017-10-05,0.39703,0.417906,0.378043,0.406538,6291110.0,142288300.0
2017-10-04,0.343186,0.398695,0.336883,0.397361,7604930.0,139076350.0
2017-10-03,0.367254,0.367254,0.295817,0.345535,8211990.0,120937250.0
2017-10-02,0.437667,0.440264,0.356767,0.356767,7101340.0,124868450.0
2017-10-01,0.451547,0.451884,0.382034,0.436647,10005100.0,152826450.0
2017-09-30,0.312497,0.472558,0.300089,0.451364,23440700.0,157977400.0
2017-09-29,0.245437,0.334931,0.214421,0.30844,8896430.0,107954000.0
2017-09-28,0.193377,0.28382,0.19131,0.243795,8113680.0,85328250.0
2017-09-27,0.194737,0.206099,0.194253,0.194586,1097010.0,68105100.0
2017-09-26,0.182039,0.223162,0.182039,0.194958,1319050.0,68235300.0
2017-09-25,0.170636,0.182637,0.15858,0.182198,1021370.0,63769300.0
2017-09-24,0.13111,0.19025,0.130275,0.170278,1025740.0,59597300.0
2017-09-23,0.149562,0.15744,0.126297,0.131129,1186670.0,45895150.0
2017-09-22,0.169826,0.181675,0.139869,0.150503,1423220.0,52676050.0
2017-09-21,0.189132,0.207892,0.155292,0.16968,2126270.0,59388000.0
2017-09-20,0.156494,0.189448,0.152489,0.189165,2718640.0,66207750.0
