Country name,Regional indicator,Ladder score,Standard error of ladder score,upperwhisker,lowerwhisker,Logged GDP per capita,Social support,Healthy life expectancy,Freedom to make life choices,Generosity,Perceptions of corruption,Ladder score in Dystopia,Explained by: Log GDP per capita,Explained by: Social support,Explained by: Healthy life expectancy,Explained by: Freedom to make life choices,Explained by: Generosity,Explained by: Perceptions of corruption,Dystopia + residual
Finland,Western Europe,7.808700085,0.031156305,7.869766235,7.747633934,10.63926697,0.954329729,71.9008255,0.949172199,-0.059482019,0.195444584,1.972316742,1.285189509,1.499525905,0.961271405,0.66231674,0.159670442,0.477857262,2.762835026
Denmark,Western Europe,7.645599842,0.033492286,7.711244583,7.579955101,10.77400112,0.955990791,72.40250397,0.951444268,0.066201776,0.168489456,1.972316742,1.326948524,1.503449202,0.979332566,0.665039897,0.242793396,0.495260328,2.432740688
Switzerland,Western Europe,7.559899807,0.035014171,7.628527641,7.491271973,10.97993279,0.942846596,74.10244751,0.921336651,0.105911039,0.303728431,1.972316742,1.39077425,1.472403407,1.040533185,0.62895447,0.269055754,0.407945901,2.35026741
Iceland,Western Europe,7.504499912,0.059615862,7.621346951,7.387652874,10.77255917,0.974669576,73,0.948891878,0.246944219,0.711709738,1.972316742,1.326501608,1.547567487,1.000843406,0.661980748,0.362330228,0.144540772,2.460688114
Norway,Western Europe,7.487999916,0.034837384,7.55628109,7.419718742,11.08780384,0.952486575,73.20078278,0.955750287,0.13453263,0.263218194,1.972316742,1.42420733,1.495172501,1.008071899,0.670200884,0.287985086,0.434100568,2.168266296
Netherlands,Western Europe,7.448900223,0.02779175,7.503372192,7.394428253,10.81271172,0.93913883,72.30091858,0.908547819,0.20761244,0.364717126,1.972316742,1.338946342,1.463645935,0.975675344,0.61362648,0.336317569,0.368569762,2.352117062
Sweden,Western Europe,7.353499889,0.036234196,7.424519062,7.282480717,10.75879383,0.926311195,72.60076904,0.939144194,0.111614622,0.250880182,1.972316742,1.322235227,1.433347702,0.986470461,0.650297701,0.272827893,0.442066371,2.246299267
New Zealand,North America and ANZ,7.299600124,0.039465468,7.376952648,7.222247601,10.50094318,0.949118972,73.20262909,0.936217487,0.191598073,0.22113885,1.972316742,1.242317915,1.48721838,1.008138299,0.646789908,0.325726211,0.461268276,2.128108025
Austria,Western Europe,7.294199944,0.033365164,7.359595776,7.228804111,10.7428236,0.928045869,73.00250244,0.899989486,0.085429221,0.499954879,1.972316742,1.317285538,1.437444925,1.000933528,0.603368878,0.255509764,0.281256139,2.398446083
Luxembourg,Western Europe,7.237500191,0.030851794,7.297969818,7.177030563,11.45068073,0.906912208,72.59999847,0.90563643,-0.004620588,0.367084295,1.972316742,1.536676049,1.387528419,0.986442685,0.610137045,0.19595392,0.367041469,2.153700352
Canada,North America and ANZ,7.23210001,0.04040546,7.311294556,7.152905464,10.69236851,0.927176654,73.60160065,0.933913231,0.124770768,0.390843362,1.972316742,1.301647663,1.435391903,1.022501945,0.644028127,0.28152892,0.351701856,2.195269108
Australia,North America and ANZ,7.222799778,0.041841116,7.30480814,7.140791416,10.72059631,0.944854617,73.60453796,0.915431738,0.19046016,0.41516912,1.972316742,1.310396433,1.477146268,1.022607684,0.621877193,0.324973613,0.335996419,2.129804134
United Kingdom,Western Europe,7.164500237,0.037161909,7.237337589,7.091662884,10.60013485,0.93668282,72.30160522,0.834743679,0.263732493,0.435915917,1.972316742,1.273061037,1.457844973,0.97570008,0.525168657,0.373433441,0.322601646,2.236721992
Israel,Middle East and North Africa,7.128600121,0.042515181,7.211929798,7.045270443,10.41752529,0.913571239,73.20025635,0.747580588,0.10259372,0.78085506,1.972316742,1.216463685,1.403256774,1.008052945,0.420699477,0.266861796,0.09989845,2.713358402
Costa Rica,Latin America and Caribbean,7.121399879,0.044816118,7.209239483,7.033560276,9.658156395,0.901545942,71.29985046,0.934738934,-0.10242971,0.786332428,1.972316742,0.981107712,1.374853611,0.939635336,0.645017743,0.131266311,0.096362092,2.953135014
Ireland,Western Europe,7.093699932,0.039863452,7.171832085,7.01556778,11.16097832,0.942081571,72.30078888,0.886982977,0.145784974,0.357184172,1.972316742,1.446886778,1.470596433,0.975670695,0.587779939,0.295426995,0.373433262,1.943878174
Germany,Western Europe,7.075799942,0.035609804,7.145595074,7.00600481,10.7328186,0.898874462,72.20201874,0.867371082,0.080179386,0.456422031,1.972316742,1.314184546,1.368543744,0.972114801,0.564274132,0.252037704,0.309362292,2.295249462
United States,North America and ANZ,6.939599991,0.047316168,7.032339573,6.846860409,10.92576885,0.914219022,68.29949951,0.842619538,0.149891734,0.699715316,1.972316742,1.37398684,1.404786706,0.831618011,0.534608245,0.298143059,0.152284741,2.344124794
Czech Republic,Central and Eastern Europe,6.910900116,0.042891297,6.994966984,6.826833248,10.40416336,0.914430678,70.04793549,0.818537354,-0.230861515,0.85844624,1.972316742,1.212322354,1.40528667,0.89456445,0.505744576,0.046325929,0.049803223,2.796808243
Belgium,Western Europe,6.863500118,0.034370355,6.930866241,6.796133995,10.6736393,0.911632538,72.00164795,0.813582063,-0.078691199,0.612297952,1.972316742,1.295842767,1.398677588,0.964901149,0.499805421,0.146966159,0.208724052,2.348626614
United Arab Emirates,Middle East and North Africa,6.790800095,0.040698379,6.870568752,6.711031437,11.1099987,0.849181116,67.08278656,0.941345513,0.123450845,0.594502211,1.972316742,1.431086421,1.251170993,0.787814438,0.652936101,0.28065598,0.220213518,2.166965961
Malta,Western Europe,6.772799969,0.042958103,6.856997967,6.688601971,10.53383827,0.93037951,72.19999695,0.924911439,0.214965805,0.658547282,1.972316742,1.252513289,1.442956924,0.972042024,0.633239031,0.341180831,0.178864077,1.952012062
France,Western Europe,6.663799763,0.037576791,6.737450123,6.590149403,10.58422279,0.937103748,73.80193329,0.825467646,-0.130641967,0.583521128,1.972316742,1.268129349,1.458839178,1.029714227,0.514050901,0.112607703,0.227303237,2.053198338
Mexico,Latin America and Caribbean,6.465000153,0.048122469,6.559319973,6.370680332,9.797797203,0.838665426,68.29902649,0.858709276,-0.175266623,0.806821585,1.972316742,1.024387479,1.226333499,0.831601024,0.553892553,0.083094485,0.083133668,2.662540197
Taiwan Province of China,East Asia,6.45539999,0.039139576,6.532113552,6.378686428,10.77568531,0.894309103,69.59999847,0.77153033,-0.073198698,0.73188293,1.972316742,1.327470541,1.357760668,0.878437996,0.449404389,0.150598705,0.131516352,2.160238743
Uruguay,Latin America and Caribbean,6.440100193,0.045419082,6.529121399,6.351078987,9.948192596,0.92281127,69.00254822,0.892395437,-0.101103112,0.635994136,1.972316742,1.071000457,1.425081134,0.856928885,0.59426707,0.132143691,0.193425074,2.167276382
Saudi Arabia,Middle East and North Africa,6.406499863,0.056533612,6.517305851,6.295693874,10.79781246,0.874067068,66.30514526,0.854191244,-0.168695062,0.682619512,1.972316742,1.334328532,1.309950113,0.759818137,0.548477471,0.087440684,0.163322315,2.203118801
Spain,Western Europe,6.400899887,0.04230037,6.483808517,6.317991257,10.46292686,0.921125412,74.40270996,0.751989543,-0.050961714,0.765859902,1.972316742,1.230535269,1.421099186,1.051343083,0.425983816,0.16530548,0.109579779,1.997088432
Guatemala,Latin America and Caribbean,6.398900032,0.058398303,6.5133605,6.284439564,8.924805641,0.816621482,64.8089447,0.908147573,-0.042938665,0.783237457,1.972316742,0.753815711,1.174267054,0.705952585,0.613146722,0.170611665,0.0983603,2.882723093
Italy,Western Europe,6.38740015,0.043288074,6.47224474,6.302555561,10.48183632,0.889878571,73.60168457,0.66465199,-0.043460999,0.873404682,1.972316742,1.236396074,1.347296,1.022504926,0.321305573,0.170266211,0.040145598,2.249505997
Singapore,Southeast Asia,6.377099991,0.033258967,6.442287445,6.311912537,11.39552116,0.910268962,76.80458069,0.926645339,0.029879224,0.109784193,1.972316742,1.519580126,1.39545691,1.137814283,0.635317206,0.218770906,0.533162236,0.937031746
Brazil,Latin America and Caribbean,6.375599861,0.040790688,6.455549717,6.295650005,9.56643486,0.896723807,66.48016357,0.799804807,-0.101812392,0.770601273,1.972316742,0.952679873,1.363464117,0.766119063,0.483292729,0.131674588,0.106518604,2.571860313
Slovenia,Central and Eastern Europe,6.363399982,0.043841314,6.449328899,6.277471066,10.39232254,0.939575672,71.1029892,0.936142623,-0.080603383,0.817071021,1.972316742,1.208652496,1.464677691,0.932548046,0.646700144,0.145701498,0.076516323,1.888586521
El Salvador,Latin America and Caribbean,6.34829998,0.058248438,6.462466717,6.234133244,8.909075737,0.806092262,66.10826111,0.833805263,-0.121072978,0.754319906,1.972316742,0.748940408,1.149397612,0.752730012,0.524043918,0.1189363,0.117030352,2.937191725
Kosovo,Central and Eastern Europe,6.325200081,0.052216277,6.427544117,6.222856045,9.204429626,0.820726514,63.88555527,0.861535907,0.190933764,0.922328293,1.972316742,0.840481341,1.183962822,0.672709167,0.557280421,0.325286865,0.008559024,2.736902714
Panama,Latin America and Caribbean,6.304800034,0.059724931,6.421860695,6.187739372,10.03423405,0.902094483,69.60301208,0.880366504,-0.153927714,0.851588905,1.972316742,1.097667813,1.376149297,0.878546536,0.57984978,0.097207308,0.054230526,2.221176147
Slovakia,Central and Eastern Europe,6.280600071,0.03889757,6.35683918,6.204360962,10.34774971,0.922493756,68.90634155,0.749952674,-0.124409303,0.918096125,1.972316742,1.194837689,1.424331188,0.853465259,0.423542529,0.116729774,0.011291441,2.256422043
Uzbekistan,Commonwealth of Independent States,6.257599831,0.05422755,6.36388588,6.151313782,8.740371704,0.926595807,65.10757446,0.974998116,0.248427153,0.501497388,1.972316742,0.696652949,1.434020042,0.716703713,0.693270326,0.363311023,0.280260265,2.073346615
Chile,Latin America and Caribbean,6.228499889,0.045723889,6.318118572,6.138881207,10.0320549,0.879713595,69.90061951,0.744896293,-0.065668367,0.838239431,1.972316742,1.096992493,1.323286891,0.889260828,0.417482227,0.155579001,0.06284935,2.283012867
Bahrain,Middle East and North Africa,6.227300167,0.081882261,6.387789249,6.066811085,10.67638016,0.876342118,68.5,0.905855775,0.13372919,0.7393471,1.972316742,1.296692252,1.31532371,0.838836372,0.610399902,0.287453711,0.126697257,1.751917362
Lithuania,Central and Eastern Europe,6.215499878,0.044193108,6.302118301,6.128881454,10.34362602,0.926107109,67.29407501,0.747381449,-0.219725296,0.809583843,1.972316742,1.193559647,1.432865739,0.795421183,0.42046079,0.053691041,0.081350274,2.238146067
Trinidad and Tobago,Latin America and Caribbean,6.191899776,0.114448458,6.416218758,5.967580795,10.26000214,0.91529417,63.5,0.857907116,0.000526841,0.912230611,1.972316742,1.167641521,1.407326221,0.658828557,0.55293113,0.199358255,0.015078396,2.190695763
Poland,Central and Eastern Europe,6.186299801,0.035500165,6.255880356,6.116719246,10.26512432,0.874257445,69.31113434,0.862055779,-0.205084071,0.686927021,1.972316742,1.16922915,1.310399771,0.868038476,0.557903528,0.063374244,0.160541251,2.056797981
Colombia,Latin America and Caribbean,6.163400173,0.056480873,6.274102688,6.052697659,9.500369072,0.884440243,67.69958496,0.836179912,-0.161235645,0.86457181,1.972316742,0.93220371,1.33445096,0.810020149,0.526890039,0.092374094,0.04584837,2.421656609
Cyprus,Western Europe,6.15899992,0.050605938,6.258187771,6.059812069,10.40570259,0.805996239,73.70222473,0.779858291,0.043731496,0.856271744,1.972316742,1.21279943,1.149170756,1.026124597,0.459385872,0.227932334,0.051207144,2.032334805
Nicaragua,Latin America and Caribbean,6.13710022,0.063886963,6.262318611,6.011881828,8.493160248,0.857497036,67.50717926,0.863902867,0.020959141,0.665950119,1.972316742,0.620033145,1.27081275,0.803093255,0.560117304,0.212871477,0.174084574,2.496081114
Romania,Central and Eastern Europe,6.123700142,0.047432564,6.216668129,6.030732155,10.107584,0.825161517,67.20723724,0.842823207,-0.19781521,0.934300244,1.972316742,1.120401621,1.1944381,0.79229486,0.534852326,0.068181619,0.000829569,2.412749767
Kuwait,Middle East and North Africa,6.102099895,0.053297732,6.206563473,5.997636318,11.08982468,0.846475244,66.76764679,0.872366488,-0.100184701,0.760849059,1.972316742,1.424833655,1.244779825,0.776468933,0.570261419,0.132751092,0.112814933,1.840167999
Mauritius,Sub-Saharan Africa,6.101299763,0.057226494,6.213463783,5.989135742,9.956786156,0.910357833,66.40434265,0.889534533,-0.018318573,0.805343091,1.972316742,1.07366395,1.395666838,0.763389409,0.590838134,0.186894551,0.084088229,2.006720543
Kazakhstan,Commonwealth of Independent States,6.057899952,0.043229785,6.1426301,5.973169804,10.11465836,0.934744895,64.60996246,0.811601937,-0.068488635,0.764490843,1.972316742,1.122594237,1.453267694,0.698788941,0.497432142,0.153713793,0.110463686,2.021602631
Estonia,Central and Eastern Europe,6.021800041,0.035985194,6.092330933,5.95126915,10.34001732,0.934729993,68.60495758,0.87770915,-0.111697771,0.623073816,1.972316742,1.192441225,1.453232527,0.842615008,0.576664805,0.125136748,0.201766819,1.629928112
Philippines,Southeast Asia,6.006000042,0.049858402,6.103722572,5.908277512,8.993545532,0.846730053,61.92676163,0.915463448,-0.105463006,0.733634114,1.972316742,0.775120676,1.245381713,0.602189481,0.621915162,0.129260212,0.130385727,2.501741886
Hungary,Central and Eastern Europe,6.000400066,0.039473221,6.077767372,5.923032761,10.24924374,0.921934128,67.60997009,0.718964577,-0.194323018,0.892916501,1.972316742,1.164307117,1.423009396,0.806793869,0.386401802,0.070491239,0.027548173,2.121845722
Thailand,Southeast Asia,5.998799801,0.042596295,6.082288742,5.91531086,9.741791725,0.889973223,67.25059509,0.905063033,0.268685192,0.886272311,1.972316742,1.007029295,1.347519517,0.793855846,0.609449804,0.376709014,0.031837862,1.832384109
Argentina,Latin America and Caribbean,5.974699974,0.053441759,6.079445839,5.869954109,9.810955048,0.900567949,68.80380249,0.831132412,-0.194913864,0.842009842,1.972316742,1.028465629,1.372543693,0.849773705,0.520840347,0.070100471,0.060415059,2.072540998
Honduras,Latin America and Caribbean,5.953199863,0.065731592,6.082033634,5.824366093,8.424534798,0.821870148,67.19876862,0.870603263,0.086969115,0.801131904,1.972316742,0.598763585,1.186664104,0.791989982,0.568148077,0.256528199,0.086807102,2.464295387
Latvia,Central and Eastern Europe,5.949999809,0.034838136,6.018282413,5.881717205,10.17531967,0.918288589,66.8074646,0.671237648,-0.186888844,0.795580089,1.972316742,1.14139545,1.414398789,0.777902424,0.329198807,0.075407945,0.090391524,2.121283054
Ecuador,Latin America and Caribbean,5.925199986,0.052880634,6.028846264,5.821553707,9.246058464,0.836418986,68.50003815,0.859828949,-0.127014965,0.801215112,1.972316742,0.853383601,1.221027613,0.838837743,0.555234551,0.115006477,0.086753383,2.254933834
Portugal,Western Europe,5.910900116,0.053158198,6.015089989,5.806710243,10.26374245,0.886590719,72.40202332,0.888747811,-0.220714301,0.892629504,1.972316742,1.168800831,1.339530349,0.979315281,0.589895189,0.053036947,0.027733466,1.752558708
Jamaica,Latin America and Caribbean,5.889800072,0.120590433,6.126157284,5.65344286,9.006250381,0.915701866,67.09999847,0.858068526,-0.125106767,0.888890028,1.972316742,0.779058397,1.408289194,0.788434088,0.553124607,0.116268493,0.030147785,2.214436531
South Korea,East Asia,5.872399807,0.044085015,5.958806515,5.785993099,10.51056671,0.799387157,73.6027298,0.612965107,-0.043404032,0.789067447,1.972316742,1.245300651,1.133560538,1.022542596,0.25935635,0.170303866,0.094596282,1.946757078
Japan,East Asia,5.870800018,0.041391667,5.951927662,5.789672375,10.57968903,0.883545935,75.00096893,0.809961379,-0.246910349,0.654558063,1.972316742,1.26672411,1.332338691,1.072881341,0.495465875,0.03571178,0.181439638,1.486200333
Peru,Latin America and Caribbean,5.796800137,0.061311204,5.916970253,5.67663002,9.456313133,0.831075251,68.10023499,0.824766099,-0.16238822,0.893714964,1.972316742,0.91854918,1.208405972,0.824444175,0.513210058,0.091611817,0.02703266,2.213499546
Serbia,Central and Eastern Europe,5.77820015,0.050712325,5.877596378,5.678803921,9.680980682,0.881475747,68.21020508,0.726495862,-0.073676221,0.843509018,1.972316742,0.988181829,1.327448964,0.828403294,0.395428419,0.15028289,0.059447147,2.029040098
Bolivia,Latin America and Caribbean,5.747499943,0.050645422,5.846765041,5.648234844,8.851115227,0.803108692,63.6004715,0.875873327,-0.09168113,0.822606206,1.972316742,0.730976343,1.142350554,0.662445664,0.5744645,0.138375074,0.072942637,2.425928593
Pakistan,South Asia,5.69329977,0.048216224,5.78780365,5.598795891,8.482727051,0.689062297,58.25313568,0.734833717,0.04489987,0.745705426,1.972316742,0.616799474,0.872979581,0.469933242,0.405421734,0.228705063,0.122592121,2.976876736
Paraguay,Latin America and Caribbean,5.692100048,0.051957864,5.793937683,5.590262413,9.389982224,0.898727894,65.63993835,0.885923445,0.007997713,0.834788501,1.972316742,0.897990823,1.36819756,0.735869646,0.586510062,0.204299241,0.065077379,1.83412528
Dominican Republic,Latin America and Caribbean,5.689199924,0.069831297,5.826069355,5.552330494,9.664880753,0.882085383,65.80748749,0.866202772,-0.131263286,0.755999923,1.972316742,0.983191848,1.328888893,0.741901696,0.5628739,0.112196781,0.115945682,1.844246864
Bosnia and Herzegovina,Central and Eastern Europe,5.674099922,0.046385963,5.765016556,5.583183289,9.455817223,0.829204142,67.80813599,0.651352704,0.098274559,0.933769107,1.972316742,0.91839546,1.203986526,0.813928187,0.305365741,0.264005244,0.001172487,2.16724205
Moldova,Commonwealth of Independent States,5.607500076,0.042275578,5.690360069,5.524640083,8.776714325,0.843313575,65.01301575,0.721609175,-0.037741039,0.913314283,1.972316742,0.707916796,1.237312198,0.713299453,0.389571488,0.174049184,0.014378744,2.370968342
Tajikistan,Commonwealth of Independent States,5.555699825,0.032321576,5.619050026,5.492349625,8.024810791,0.835297108,64.10459137,0.831383407,-0.025088511,0.592076063,1.972316742,0.474874616,1.218377709,0.680594802,0.521141171,0.182417125,0.221779913,2.25650835
Montenegro,Central and Eastern Europe,5.54610014,0.04898582,5.642112255,5.450088024,9.751860619,0.855314612,68.50534821,0.649565637,-0.075600356,0.783121586,1.972316742,1.010150075,1.265657902,0.839028895,0.303223848,0.14901033,0.098435111,1.880565882
Russia,Commonwealth of Independent States,5.546000004,0.039609671,5.623634815,5.468365192,10.12887192,0.903150737,64.10045624,0.729892612,-0.151153743,0.864802599,1.972316742,1.126999617,1.378644109,0.68044591,0.399499595,0.099041916,0.045699362,1.815716743
Kyrgyzstan,Commonwealth of Independent States,5.541500092,0.043677468,5.627108097,5.455892086,8.148405075,0.887228489,64.10601044,0.909374893,0.154772058,0.888396084,1.972316742,0.513180971,1.341036677,0.680645883,0.614617765,0.30137074,0.030466691,2.060206652
Belarus,Commonwealth of Independent States,5.539899826,0.037060037,5.612537384,5.467262268,9.779945374,0.90674746,66.10433197,0.639163077,-0.164926544,0.63571167,1.972316742,1.018854499,1.38713932,0.75258857,0.290755868,0.08993306,0.193607435,1.8069911
North Cyprus,Western Europe,5.53550005,0.051037241,5.635532856,5.435467243,10.40570259,0.820356607,73.70222473,0.79529351,0.000227159,0.62611568,1.972316742,1.21279943,1.183089137,1.026124597,0.477885723,0.199160054,0.199802905,1.23668766
Greece,Western Europe,5.514999866,0.046931833,5.606986046,5.423013687,10.13232613,0.814380348,72.40525818,0.541345119,-0.300907373,0.859931409,1.972316742,1.128070116,1.168973565,0.979431748,0.173516348,0,0.048844352,2.016179085
Hong Kong S.A.R. of China,East Asia,5.510399818,0.046019029,5.600596905,5.420202732,10.9346714,0.845969081,76.77170563,0.779833794,0.134979904,0.420607209,1.972316742,1.376746058,1.243584275,1.136630654,0.459356517,0.288280904,0.332485437,0.673293114
Croatia,Central and Eastern Europe,5.504700184,0.037783645,5.578756332,5.430644035,10.07087517,0.874623716,70.21490479,0.714838803,-0.128538325,0.916495264,1.972316742,1.109024286,1.311264873,0.900575578,0.381456882,0.113998979,0.012325006,1.676029205
Libya,Middle East and North Africa,5.488800049,0.060677204,5.607727528,5.36987257,9.789815903,0.825942934,62.29999924,0.773157001,-0.085054487,0.668779135,1.972316742,1.021913767,1.196283698,0.615626633,0.451354057,0.142757699,0.172258079,1.888563156
Mongolia,East Asia,5.456200123,0.040313236,5.535213947,5.377186298,9.412186623,0.937142491,62.30448532,0.693351328,0.098093867,0.863511205,1.972316742,0.904872775,1.458930612,0.615788162,0.355703115,0.263885736,0.046533126,1.810527563
Malaysia,Southeast Asia,5.384300232,0.048802696,5.479953289,5.288647175,10.26251888,0.816509426,67.10215759,0.894626856,0.114726797,0.839302301,1.972316742,1.168421626,1.17400229,0.788511872,0.596941531,0.274886161,0.062163133,1.319420815
Vietnam,Southeast Asia,5.353499889,0.033800762,5.41974926,5.287250519,8.809545517,0.849987149,67.9527359,0.939592957,-0.094533332,0.79642123,1.972316742,0.718092382,1.253074765,0.819133997,0.650835574,0.136488721,0.089848459,1.685977936
Indonesia,Southeast Asia,5.285600185,0.047692381,5.379077435,5.192122936,9.36975193,0.808379889,62.15584946,0.870614409,0.519586504,0.876296401,1.972316742,0.891720712,1.154800892,0.610437036,0.568161428,0.542646527,0.038278613,1.479573488
Ivory Coast,Sub-Saharan Africa,5.233300209,0.073095515,5.376567364,5.090033054,8.225561142,0.658048689,49.50377274,0.727909327,-0.043991156,0.790771961,1.972316742,0.537094414,0.799727261,0.154942513,0.397122532,0.169915587,0.093495794,3.081022501
Benin,Sub-Saharan Africa,5.21600008,0.077759244,5.368408203,5.063591957,7.674319744,0.468671143,54.31246567,0.735182583,-0.003537213,0.740532577,1.972316742,0.366244704,0.352428436,0.328062952,0.40583989,0.196670428,0.125931874,3.440809727
Maldives,South Asia,5.197599888,0.071985401,5.338691235,5.056508541,9.518632889,0.91316092,70.59999847,0.853962779,0.038085498,0.824211061,1.972316742,0.937864304,1.402287602,0.914439559,0.548203647,0.224198252,0.071906492,1.098674774
Congo (Brazzaville),Sub-Saharan Africa,5.194399834,0.077028967,5.345376492,5.043423176,8.536987305,0.640228093,57.92448044,0.719058514,-0.123674095,0.751779079,1.972316742,0.633616745,0.757636011,0.458101124,0.386514395,0.117216013,0.118670784,2.722619534
Azerbaijan,Commonwealth of Independent States,5.164800167,0.034197241,5.231826782,5.097773552,9.687726974,0.819308281,65.50839996,0.786824107,-0.240255281,0.55253756,1.972316742,0.990272701,1.180613041,0.731134057,0.467734724,0.040113214,0.247307181,1.507632971
Macedonia,Central and Eastern Europe,5.159800053,0.046761535,5.251452446,5.068147659,9.510591507,0.820392311,67.50442505,0.738840938,-0.019877451,0.897490501,1.972316742,0.935371995,1.183173537,0.802994132,0.410224587,0.18586354,0.024595059,1.617594957
Ghana,Sub-Saharan Africa,5.147999763,0.058634609,5.262923717,5.033075809,8.350645065,0.728601098,57.20398712,0.794796526,0.094170853,0.847964764,1.972316742,0.575862467,0.96636796,0.432162255,0.477290064,0.261291206,0.056570381,2.378437281
Nepal,South Asia,5.137199879,0.057692084,5.250276566,5.024123192,7.925357342,0.785512447,63.77917862,0.797565043,0.154168829,0.738099158,1.972316742,0.444050372,1.100789309,0.66887939,0.480608255,0.300971806,0.127502963,2.014386892
Turkey,Middle East and North Africa,5.131800175,0.039838459,5.20988369,5.05371666,10.12941933,0.826313555,66.90281677,0.608830452,-0.171046436,0.748197377,1.972316742,1.127169251,1.197159171,0.781335294,0.25440076,0.085885569,0.120983243,1.564816713
China,East Asia,5.123899937,0.025901664,5.174667358,5.073132515,9.688568115,0.798760593,69.2891922,0.898517907,-0.18142575,0.7539711,1.972316742,0.990533412,1.132080674,0.867248535,0.601605117,0.079021044,0.117255554,1.336181879
Turkmenistan,Commonwealth of Independent States,5.119100094,0.029379817,5.17668438,5.061515808,9.74803257,0.958966196,62.21170807,0.826457024,0.187671542,0.883691847,1.972316742,1.008963585,1.510476947,0.612448037,0.515236676,0.323129326,0.03350389,1.115337372
Bulgaria,Central and Eastern Europe,5.101500034,0.04422117,5.188173294,5.014826775,9.869318962,0.937840343,66.80397797,0.745178163,-0.143908441,0.935585141,1.972316742,1.046554685,1.460578918,0.777776897,0.417820066,0.103833713,0,1.294961452
Morocco,Middle East and North Africa,5.094799995,0.05565045,5.203875065,4.985724926,8.940313339,0.592628479,65.89624023,0.772072434,-0.240377247,0.815724611,1.972316742,0.75862211,0.645208478,0.745096922,0.450054139,0.040032551,0.077385604,2.378402472
Cameroon,Sub-Saharan Africa,5.084899902,0.067296073,5.216800213,4.952999592,8.118647575,0.700386405,52.7049408,0.763051808,-0.00149645,0.851336598,1.972316742,0.503958046,0.89972645,0.270189553,0.439242482,0.198020101,0.054393422,2.719370842
Venezuela,Latin America and Caribbean,5.053199768,0.06428051,5.179189682,4.927209854,8.977793694,0.890408158,66.50534058,0.62327832,-0.169090509,0.837038398,1.972316742,0.770238638,1.348546863,0.76702553,0.271717221,0.087179154,0.063624777,1.74484086
Algeria,Middle East and North Africa,5.005099773,0.044236008,5.09180212,4.918397427,9.537964821,0.803385139,65.90517426,0.466610909,-0.121105164,0.735485137,1.972316742,0.943856001,1.143003583,0.745418549,0.083943799,0.118915014,0.129190654,1.840811729
Senegal,Sub-Saharan Africa,4.980800152,0.05276908,5.084227562,4.877372742,8.118982315,0.723616004,59.59915161,0.690596163,-0.052335154,0.808785141,1.972316742,0.504061818,0.95459342,0.518391907,0.352400899,0.164397135,0.081865937,2.405123949
Guinea,Sub-Saharan Africa,4.949299812,0.073042229,5.09246254,4.806137085,7.750990391,0.637573481,54.46780014,0.706846774,0.076328471,0.761794448,1.972316742,0.390007734,0.75136596,0.333655238,0.371878058,0.249490842,0.112204559,2.740729809
Niger,Sub-Saharan Africa,4.909599781,0.077208281,5.060927868,4.758271694,6.842166901,0.617435038,53.50009537,0.759772122,0.013860817,0.722530186,1.972316742,0.108330332,0.703800142,0.298816353,0.435311615,0.208176896,0.137554765,3.017630577
Laos,Southeast Asia,4.888599873,0.040268615,4.967526436,4.809673309,8.79858017,0.737502217,58.70992279,0.907213569,0.11137148,0.634679317,1.972316742,0.714693844,0.987391889,0.486378282,0.612027287,0.27266711,0.194273964,1.621152639
Albania,Central and Eastern Europe,4.882699966,0.056115732,4.992686749,4.772713184,9.417930603,0.671070457,68.70813751,0.781994224,-0.042309489,0.896303713,1.972316742,0.906653047,0.830483913,0.846329629,0.461945891,0.171027765,0.025361285,1.640897036
Cambodia,Southeast Asia,4.848400116,0.058006871,4.962093353,4.734706879,8.249890327,0.773080647,61.52996826,0.959704638,0.051911179,0.822769046,1.972316742,0.544634938,1.071426034,0.587904334,0.674940348,0.233342081,0.072837502,1.663300037
Bangladesh,South Asia,4.832799911,0.040124193,4.911443233,4.75415659,8.287063599,0.687292993,64.50306702,0.90062499,-0.033664726,0.661843538,1.972316742,0.556156278,0.868800581,0.694940507,0.604130566,0.176745117,0.176735908,1.755261898
Gabon,Sub-Saharan Africa,4.829299927,0.060268242,4.947425842,4.711174011,9.680537224,0.787886858,59.71533966,0.704829216,-0.222261623,0.849150956,1.972316742,0.988044381,1.10639751,0.522574842,0.369459897,0.052013602,0.055804539,1.735027552
South Africa,Sub-Saharan Africa,4.814099789,0.060023591,4.931746006,4.696453571,9.403370857,0.852532268,56.50601196,0.759330094,-0.109777324,0.843423843,1.972316742,0.902140439,1.259086251,0.407034069,0.43478182,0.126406848,0.05950214,1.625117302
Iraq,Middle East and North Africa,4.784800053,0.077791877,4.937272072,4.632328033,9.661095619,0.747694969,59.90354919,0.633182645,-0.06956476,0.82226181,1.972316742,0.982018709,1.011466622,0.529350698,0.283588052,0.153002068,0.073164992,1.752173662
Lebanon,Middle East and North Africa,4.771500111,0.043753985,4.857257843,4.685742378,9.3617239,0.824338138,67.10658264,0.551357508,-0.06121527,0.90225625,1.972316742,0.889232516,1.19249332,0.788671136,0.18551667,0.158524141,0.021518147,1.53554225
Burkina Faso,Sub-Saharan Africa,4.768700123,0.062067267,4.890351772,4.647048473,7.46854496,0.712943614,53.88945389,0.665563583,-0.019080516,0.739795029,1.972316742,0.302467644,0.9293859,0.312833875,0.322398156,0.186390609,0.126408055,2.588826418
Gambia,Sub-Saharan Africa,4.750599861,0.067163654,4.882240772,4.61895895,7.321814537,0.6931687,55.0120163,0.733163178,0.343198717,0.690717816,1.972316742,0.256990552,0.882678688,0.353247881,0.403419524,0.425989687,0.158093795,2.270216465
Mali,Sub-Saharan Africa,4.729300022,0.064362764,4.855451107,4.603148937,7.629852295,0.731468976,51.72698212,0.71156615,-0.044366926,0.839328408,1.972316742,0.352462649,0.97314173,0.234981522,0.377534449,0.16966705,0.062146276,2.559335232
Nigeria,Sub-Saharan Africa,4.724100113,0.05211626,4.826248169,4.621952057,8.57662487,0.73721689,49.86190796,0.759578407,0.033745807,0.861874342,1.972316742,0.645901859,0.986717939,0.167835936,0.435079455,0.221328124,0.047589935,2.219635487
Armenia,Commonwealth of Independent States,4.676799774,0.058595356,4.791646481,4.561953068,9.100476265,0.757479429,66.75065613,0.712017834,-0.13877961,0.773544788,1.972316742,0.808262408,1.034576893,0.77585727,0.378075808,0.107225738,0.104618184,1.468161583
Georgia,Commonwealth of Independent States,4.672599792,0.043417413,4.757698059,4.587501526,9.226100922,0.629033029,64.49520874,0.801641524,-0.22892037,0.665944695,1.972316742,0.847198069,0.7311939,0.694657624,0.485494107,0.047609735,0.174088076,1.69239831
Iran,Middle East and North Africa,4.672399998,0.055878021,4.78192091,4.562879086,9.813719749,0.694689691,66.00614929,0.647873282,0.117891103,0.714635968,1.972316742,1.029322505,0.886271179,0.749053836,0.301195472,0.27697894,0.142651513,1.286969423
Jordan,Middle East and North Africa,4.633399963,0.058751218,4.748552322,4.518247604,9.025999069,0.80216372,66.79975128,0.75104779,-0.162565202,0.700344324,1.972316742,0.785179198,1.140118599,0.777624726,0.424855083,0.091494769,0.151878625,1.262258053
Mozambique,Sub-Saharan Africa,4.623600006,0.079284087,4.778996944,4.468203068,7.069345951,0.723874032,54.20582199,0.864451885,0.032375868,0.683019102,1.972316742,0.178741366,0.955202878,0.324223638,0.56077534,0.220422104,0.163064316,2.221216202
Kenya,Sub-Saharan Africa,4.583000183,0.067804985,4.715898037,4.450102329,8.02977562,0.702652037,60.09693146,0.829747558,0.294681519,0.831499159,1.972316742,0.476413399,0.905077755,0.536312759,0.519180536,0.393902093,0.067201078,1.684904575
Namibia,Sub-Saharan Africa,4.571100235,0.060983475,4.690628052,4.451572418,9.203141212,0.846880972,56.50148773,0.767520964,-0.18530646,0.851449788,1.972316742,0.84008199,1.245738149,0.40687117,0.444598973,0.076454483,0.054320343,1.503033161
Ukraine,Commonwealth of Independent States,4.56069994,0.049683895,4.658080578,4.463319302,9.010690689,0.878879368,64.60678101,0.663081884,-0.030933706,0.920636714,1.972316742,0.780434608,1.321316481,0.698674381,0.319423705,0.178551316,0.00965116,1.252669334
Liberia,Sub-Saharan Africa,4.557899952,0.081956357,4.71853447,4.397265434,7.054380417,0.70928055,56.09631348,0.735268712,0.04227322,0.856375933,1.972316742,0.174103007,0.920733929,0.392284274,0.405943096,0.226967871,0.051139876,2.386757851
Palestinian Territories,Middle East and North Africa,4.552800179,0.055874817,4.662314892,4.443285465,8.389223099,0.825295925,62.25,0.645791829,-0.162079096,0.824199975,1.972316742,0.587819219,1.194755554,0.613826573,0.29870075,0.091816261,0.071913652,1.693985701
Uganda,Sub-Saharan Africa,4.43200016,0.068495452,4.566251278,4.297749043,7.500389576,0.764994621,55.70820236,0.731713951,0.099487431,0.836737812,1.972316742,0.312337428,1.052327394,0.378311664,0.401682556,0.264807373,0.063818842,1.958671093
Chad,Sub-Saharan Africa,4.422699928,0.075231321,4.570153236,4.27524662,7.467963696,0.632388055,48.22053909,0.587305248,0.017834719,0.802760839,1.972316742,0.302287489,0.739118278,0.1087441,0.228601769,0.210805088,0.085755408,2.74742651
Tunisia,Middle East and North Africa,4.392199993,0.049670532,4.489554405,4.294845581,9.314972878,0.688718557,66.89785767,0.593361557,-0.216413811,0.867590249,1.972316742,0.874742687,0.872167706,0.781156719,0.235860556,0.055881143,0.043899573,1.528496742
Mauritania,Sub-Saharan Africa,4.374599934,0.055093341,4.482583046,4.266616821,8.233919144,0.790819228,57.01017761,0.551522553,-0.106008142,0.746223509,1.972316742,0.539684892,1.113323569,0.425184816,0.185714483,0.128899664,0.122257635,1.85955739
Sri Lanka,South Asia,4.327000141,0.053085525,4.431047916,4.222952366,9.389969826,0.825374067,67.20006561,0.837633669,0.081129618,0.859001756,1.972316742,0.897986948,1.19494009,0.792036712,0.528632462,0.252666146,0.049444564,0.611288548
Congo (Kinshasa),Sub-Saharan Africa,4.31099987,0.108998232,4.524636269,4.097363472,6.694256306,0.672159016,52.90000153,0.700793564,0.083637655,0.809403598,1.972316742,0.062487468,0.833055019,0.277212054,0.36462298,0.254324883,0.081466645,2.437864304
Swaziland,Sub-Saharan Africa,4.308100224,0.07145194,4.448145866,4.168054581,9.16267395,0.770290196,51.18823624,0.646822274,-0.19920142,0.708263338,1.972316742,0.827539742,1.064835191,0.215585828,0.299935788,0.067264833,0.146765873,1.686207294
Myanmar,Southeast Asia,4.308000088,0.042949215,4.392180443,4.223819733,8.680481911,0.78440702,58.96171188,0.895075202,0.560663998,0.645124316,1.972316742,0.67809093,1.098178267,0.495443076,0.597478867,0.569813728,0.187530354,0.681462526
Comoros,Sub-Saharan Africa,4.288599968,0.084340192,4.453906536,4.1232934,7.833630085,0.625662446,57.34901047,0.547612607,0.090008408,0.780622602,1.972316742,0.415620774,0.723232806,0.437383324,0.181028232,0.258538276,0.100048535,2.17276907
Togo,Sub-Saharan Africa,4.187200069,0.062506773,4.309713364,4.064686775,7.357711315,0.551312625,54.71989822,0.649828613,0.002667875,0.757733464,1.972316742,0.268116266,0.547622859,0.342731178,0.303539038,0.200774252,0.114826456,2.409595251
Ethiopia,Sub-Saharan Africa,4.186200142,0.038915094,4.262473583,4.109926701,7.509385586,0.743307352,58.63959122,0.740795195,0.043377332,0.753690004,1.972316742,0.315125644,1.001103282,0.483846247,0.41256687,0.227698103,0.117437035,1.628459215
Madagascar,Sub-Saharan Africa,4.165599823,0.057542104,4.278382301,4.052817345,7.281685829,0.668195903,59.10542679,0.557574093,-0.011823639,0.817485631,1.972316742,0.244553208,0.823694348,0.500617027,0.192967549,0.191190064,0.076248638,2.136298418
Egypt,Middle East and North Africa,4.151400089,0.035979424,4.221919537,4.080880642,9.316541672,0.735447824,61.78015137,0.708354175,-0.196878314,0.787726879,1.972316742,0.875228941,0.982539535,0.596911311,0.373684734,0.068801254,0.095461793,1.158818245
Sierra Leone,Sub-Saharan Africa,3.926399946,0.061150789,4.046255589,3.806544304,7.26880312,0.636142015,50.86514282,0.715315044,0.088660747,0.861330688,1.972316742,0.240560383,0.747984946,0.203953966,0.382027686,0.257647008,0.047940936,2.046271801
Burundi,Sub-Saharan Africa,3.775300026,0.107122384,3.98526001,3.565340042,6.492642403,0.490325719,53.40000153,0.626350224,-0.017551597,0.606934547,1.972316742,0,0.403575271,0.295212835,0.275399059,0.187401786,0.212186828,2.401507378
Zambia,Sub-Saharan Africa,3.759399891,0.06067669,3.878326178,3.640473604,8.224720001,0.698824465,55.29937744,0.806500256,0.078037128,0.801289678,1.972316742,0.536833763,0.896037281,0.36359334,0.49131754,0.250620902,0.086705238,1.134339333
Haiti,Latin America and Caribbean,3.720799923,0.101463005,3.919667482,3.521932364,7.411329269,0.593247831,55.59862518,0.537825167,0.40053457,0.684767246,1.972316742,0.284734428,0.646671355,0.37436673,0.169297516,0.463909656,0.161935672,1.619916916
Lesotho,Sub-Saharan Africa,3.652800083,0.082120985,3.813757181,3.491842985,7.960488319,0.780495703,48.00362396,0.738125861,-0.145732045,0.857392073,1.972316742,0.45493874,1.088940024,0.100934811,0.409367532,0.102627642,0.050483823,1.445513964
India,South Asia,3.573299885,0.027702235,3.627596378,3.519003391,8.849823952,0.592200935,60.21518707,0.881444871,0.057551607,0.772042692,1.972316742,0.730576158,0.644198656,0.54057014,0.581142247,0.237072483,0.105587982,0.734130859
Malawi,Sub-Saharan Africa,3.538000107,0.070260517,3.675710678,3.400289536,7.062226295,0.544007301,57.59288788,0.803223193,0.021433279,0.731700778,1.972316742,0.176534727,0.53036809,0.446163297,0.487389833,0.213185057,0.131633952,1.552718282
Yemen,Middle East and North Africa,3.527400017,0.054158084,3.633549929,3.421250105,7.759682655,0.817980587,56.72728348,0.599920273,-0.157735437,0.800287724,1.972316742,0.392701775,1.177477121,0.41500017,0.243721485,0.094689012,0.087352127,1.116472721
Botswana,Sub-Saharan Africa,3.478899956,0.060542691,3.597563744,3.360236168,9.711203575,0.779121757,58.92445374,0.821328104,-0.250394493,0.777930915,1.972316742,0.997548997,1.08569479,0.494101733,0.50908941,0.033407487,0.101786368,0.257240534
Tanzania,Sub-Saharan Africa,3.476200104,0.06320975,3.600091219,3.352308989,7.967665195,0.688933194,57.49607468,0.82153976,0.109668687,0.619799435,1.972316742,0.457163125,0.872674644,0.442677855,0.509343088,0.27154091,0.203880861,0.718963385
Central African Republic,Sub-Saharan Africa,3.475899935,0.115182951,3.701658487,3.250141382,6.625160217,0.319459856,45.20000076,0.640880644,0.082410358,0.891806662,1.972316742,0.041072082,0,0,0.292814463,0.253513217,0.028264718,2.860197544
Rwanda,Sub-Saharan Africa,3.312299967,0.052425209,3.415053368,3.209546566,7.600104332,0.54083544,61.09884644,0.900589406,0.055483952,0.183541179,1.972316742,0.343242675,0.522876322,0.572383285,0.604087889,0.235704988,0.485542476,0.548444986
Zimbabwe,Sub-Saharan Africa,3.299200058,0.058674462,3.414201975,3.184198141,7.865711689,0.763092756,55.61725998,0.711457908,-0.072063953,0.81023699,1.972316742,0.425564021,1.047835231,0.375037611,0.37740472,0.151349187,0.080928579,0.841031075
South Sudan,Sub-Saharan Africa,2.816600084,0.107610404,3.027516365,2.605683804,7.425359726,0.553707123,51,0.451313615,0.016518548,0.763417304,1.972316742,0.289082974,0.553278506,0.208809033,0.065609254,0.209934607,0.111156799,1.378751278
Afghanistan,South Asia,2.566900015,0.031311426,2.628270388,2.505529642,7.462860584,0.470366955,52.59000015,0.396573007,-0.0964294,0.933686554,1.972316742,0.30070585,0.356433839,0.266051531,0,0.135234714,0.001225785,1.507235646
